# Problem: coffey_evans (Numerov+AC, paper DOF-sweep run, dense eig full spectrum)
#   -y'' + q(x) y = lambda y,  y(a) = y(b) = 0
#   [a, b] = [-1.5707963267949, 1.5707963267949]
# Resolution N = 100, dofs = 100
# Computation time: 0.0034 s
n,lambda_n
1,-0.00156777907303
2,117.93605409
3,231.630976532
4,231.655788336
5,231.655833351
6,340.809838607
7,445.137145397
8,445.215334487
9,445.216388834
10,544.186706689
11,637.368548429
12,637.516626185
13,637.527230315
14,723.842182033
15,800.456741851
16,802.19844128
17,803.917143574
18,868.561036921
19,909.264944097
20,925.729930578
21,951.461004259
22,992.119087395
23,1031.85688108
24,1072.93200818
25,1117.56448236
26,1165.034128
27,1214.86730046
28,1267.05553469
29,1321.56828742
30,1378.34551666
31,1437.34391397
32,1498.53198763
33,1561.88360673
34,1627.37691965
35,1694.99369554
36,1764.71856064
37,1836.53842098
38,1910.442037
39,1986.41969094
40,2064.46292246
41,2144.56431681
42,2226.71733328
43,2310.91616479
44,2397.15562174
45,2485.43103503
46,2575.73817427
47,2668.07317806
48,2762.43249394
49,2858.81282595
50,2957.21108833
51,3057.62436389
52,3160.04986599
53,3264.48490318
54,3370.92684556
55,3479.37309202
56,3589.82103765
57,3702.26804049
58,3816.71138667
59,3933.14825326
60,4051.57566759
61,4171.99046192
62,4294.38922202
63,4418.76822802
64,4545.12338517
65,4673.45014195
66,4803.7433921
67,4935.99735588
68,5070.20543494
69,5206.36003284
70,5344.45233076
71,5484.47200444
72,5626.40686029
73,5770.24237267
74,5915.96103927
75,6063.54166725
76,6212.95781801
77,6364.17790907
78,6517.15680897
79,6671.85504659
80,6828.15529092
81,6986.12106191
82,7145.11870514
83,7306.47924326
84,7465.55568217
85,7633.4683999
86,7782.65622981
87,7971.26570722
88,8103.96527412
89,8328.27339393
90,8460.69797297
91,8714.00974777
92,8856.10650782
93,9135.18045784
94,9289.21826081
95,9593.91370069
96,9760.46743891
97,10090.2103258
98,10269.5394911
99,10623.8558992
100,10816.1126982
