# Problem: paine (MBCDM, paper DOF-sweep run, dense eig full spectrum)
#   -y'' + q(x) y = lambda y,  y(a) = y(b) = 0
#   [a, b] = [0, 3.14159265358979]
# Resolution N = 100, dofs = 100
# Computation time: 0.0052 s
n,lambda_n
1,4.89660072134
2,10.0450681684
3,16.0190587436
4,23.2658969688
5,32.2630878094
6,43.2190962456
7,56.1803166695
8,71.1513236068
9,88.1300075649
10,107.11409386
11,128.10193623
12,151.092434954
13,176.084843582
14,203.078667013
15,232.073550452
16,263.069259834
17,296.065611982
18,331.06249349
19,368.059802323
20,407.057486005
21,448.055484055
22,491.053777385
23,536.052328637
24,583.051138288
25,632.050183195
26,683.049475808
27,736.049002945
28,791.048784412
29,848.048815196
30,907.049119295
31,968.049699485
32,1031.05058153
33,1096.05177647
34,1163.05330977
35,1232.05520182
36,1303.05747582
37,1376.06016301
38,1451.06328252
39,1528.06687814
40,1607.07096319
41,1688.07559588
42,1771.08078212
43,1856.08659639
44,1943.09303579
45,2032.10019284
46,2123.10805477
47,2216.11673349
48,2311.12620595
49,2408.13660416
50,2507.14789528
51,2608.16023107
52,2711.17357074
53,2816.18808391
54,2923.20372556
55,3032.22067905
56,3143.23890158
57,3256.25858282
58,3371.27969248
59,3488.30241458
60,3607.32674686
61,3728.3528493
62,3851.38077058
63,3976.41061926
64,4103.44252804
65,4232.47651416
66,4363.51284156
67,4496.55137869
68,4631.59258765
69,4768.63610598
70,4907.68268862
71,5048.731625
72,5191.78409686
73,5336.83887832
74,5483.89776823
75,5632.95878562
76,5784.02461894
77,5937.09218564
78,6092.16545812
79,6249.23974581
80,6408.32088482
81,6569.40182439
82,6732.49113461
83,6897.57826387
84,7064.67585994
85,7233.76809137
86,7404.87384009
87,7577.96911517
88,7753.08268618
89,7930.17750052
90,8109.29891971
91,8290.38788797
92,8473.52032425
93,8658.5973298
94,8845.76197692
95,9034.83866038
96,9226.20262966
97,9419.79194901
98,9622.83251834
99,15090.8399912
100,15115.5333313
