# Problem: paine (FD, paper DOF-sweep run, dense eig full spectrum)
#   -y'' + q(x) y = lambda y,  y(a) = y(b) = 0
#   [a, b] = [0, 3.14159265358979]
# Resolution N = 300, dofs = 300
# Computation time: 0.0022 s
n,lambda_n
1,4.89661855549
2,10.0448855325
3,16.0183035778
4,23.263732856
5,32.2578453917
6,43.2080812197
7,56.1596328547
8,71.1156568971
9,88.0724118327
10,107.025766095
11,127.972006542
12,150.907739445
13,175.829718675
14,202.734719233
15,231.619455216
16,262.48052793
17,295.314392934
18,330.117338843
19,366.885473485
20,405.614714736
21,446.300784397
22,488.939204073
23,533.525292407
24,580.05416325
25,628.520724479
26,678.91967729
27,731.245515823
28,785.492527047
29,841.654790828
30,899.726180153
31,959.700361461
32,1021.57079508
33,1085.33073572
34,1150.97323307
35,1218.49113237
36,1287.87707515
37,1359.12349989
38,1432.22264279
39,1507.16653858
40,1583.94702129
41,1662.55572516
42,1742.98408543
43,1825.22333936
44,1909.26452706
45,1995.09849249
46,2082.71588443
47,2172.10715751
48,2263.26257319
49,2356.17220085
50,2450.82591883
51,2547.21341557
52,2645.32419066
53,2745.14755606
54,2846.67263717
55,2949.88837408
56,3054.78352275
57,3161.34665621
58,3269.56616583
59,3379.43026255
60,3490.92697821
61,3604.04416681
62,3718.76950584
63,3835.09049763
64,3952.99447069
65,4072.46858113
66,4193.49981402
67,4316.07498481
68,4440.18074078
69,4565.80356248
70,4692.92976523
71,4821.54550057
72,4951.63675779
73,5083.18936545
74,5216.18899294
75,5350.621152
76,5486.47119836
77,5623.72433326
78,5762.36560514
79,5902.37991119
80,6043.75199907
81,6186.46646851
82,6330.50777302
83,6475.86022158
84,6622.50798034
85,6770.43507435
86,6919.6253893
87,7070.06267329
88,7221.73053855
89,7374.61246329
90,7528.69179347
91,7683.95174459
92,7840.37540356
93,7997.94573053
94,8156.64556072
95,8316.45760632
96,8477.36445838
97,8639.34858866
98,8802.39235159
99,8966.47798617
100,9131.58761789
101,9297.70326071
102,9464.80681899
103,9632.88008949
104,9801.90476332
105,9971.86242796
106,10142.7345693
107,10314.5025734
108,10487.1477291
109,10660.6512294
110,10834.9941738
111,11010.1575706
112,11186.1223385
113,11362.8693089
114,11540.3792282
115,11718.6327594
116,11897.6104847
117,12077.2929074
118,12257.660454
119,12438.6934764
120,12620.3722538
121,12802.6769953
122,12985.5878418
123,13169.0848681
124,13353.1480851
125,13537.7574421
126,13722.8928289
127,13908.534078
128,14094.6609667
129,14281.2532196
130,14468.2905103
131,14655.7524643
132,14843.6186605
133,15031.868634
134,15220.4818779
135,15409.4378459
136,15598.7159543
137,15788.2955843
138,15978.1560842
139,16168.2767718
140,16358.6369366
141,16549.2158417
142,16739.9927269
143,16930.9468099
144,17122.0572894
145,17313.3033471
146,17504.6641496
147,17696.1188515
148,17887.6465967
149,18079.2265214
150,18270.837756
151,18462.4594277
152,18654.0706623
153,18845.6505868
154,19037.1783317
155,19228.6330332
156,19419.9938354
157,19611.2398925
158,19802.3503715
159,19993.3044538
160,20184.0813382
161,20374.6602425
162,20565.0204063
163,20755.1410929
164,20945.0015917
165,21134.5812205
166,21323.8593276
167,21512.8152943
168,21701.4285367
169,21889.6785086
170,22077.5447032
171,22265.0066553
172,22452.0439442
173,22638.6361951
174,22824.7630817
175,23010.4043286
176,23195.5397131
177,23380.1490677
178,23564.2122822
179,23747.7093059
180,23930.6201497
181,24112.9248884
182,24294.6036628
183,24475.636682
184,24656.0042254
185,24835.6866447
186,25014.6643666
187,25192.9178941
188,25370.4278096
189,25547.1747761
190,25723.1395399
191,25898.3029324
192,26072.6458725
193,26246.1493682
194,26418.7945191
195,26590.5625184
196,26761.4346546
197,26931.3923139
198,27100.4169823
199,27268.4902471
200,27435.5937995
201,27601.7094362
202,27766.8190616
203,27930.9046896
204,28093.9484457
205,28255.9325689
206,28416.8394137
207,28576.6514517
208,28735.351274
209,28892.9215928
210,29049.3452433
211,29204.6051856
212,29358.6845066
213,29511.5664219
214,29663.2342773
215,29813.6715511
216,29962.8618555
217,30110.7889384
218,30257.4366858
219,30402.7891224
220,30546.8304145
221,30689.5448711
222,30830.9169456
223,30970.9312377
224,31109.572495
225,31246.8256148
226,31382.6756454
227,31517.107788
228,31650.1073983
229,31781.6599881
230,31911.7512266
231,32040.3669424
232,32167.4931248
233,32293.1159252
234,32417.2216588
235,32539.7968062
236,32660.8280146
237,32780.3020994
238,32898.2060456
239,33014.5270091
240,33129.2523185
241,33242.3694759
242,33353.8661588
243,33463.730221
244,33571.9496942
245,33678.5127893
246,33783.4078975
247,33886.6235917
248,33988.1486276
249,34087.9719451
250,34186.0826695
251,34282.4701125
252,34377.1237734
253,34470.0333404
254,34561.1886914
255,34650.5798957
256,34738.1972142
257,34824.0311011
258,34908.0722048
259,34990.3113687
260,35070.7396323
261,35149.3482323
262,35226.1286031
263,35301.0723781
264,35374.1713904
265,35445.4176736
266,35514.8034628
267,35582.321195
268,35647.96351
269,35711.7232512
270,35773.5934663
271,35833.5674072
272,35891.6385314
273,35947.8005018
274,36002.0471874
275,36054.372663
276,36104.7712097
277,36153.2373147
278,36199.7656707
279,36244.351175
280,36286.9889287
281,36327.6742346
282,36366.4025943
283,36403.1697044
284,36437.9714503
285,36470.8038981
286,36501.663281
287,36530.5459805
288,36557.4484968
289,36582.3674018
290,36605.2992641
291,36626.2405229
292,36645.1872694
293,36662.1348465
294,36677.077075
295,36690.0046369
296,36700.9013427
297,36709.7342369
298,36716.4232869
299,36721.1023889
300,36727.4049186
