# Coffey--Evans problem, beta = 30 (default)
# Reference eigenvalues of the Sturm-Liouville problem
#     -y'' + q(x) y = lambda y,   y(a) = y(b) = 0
#     q(x) = -2*beta*cos(2x) + beta^2*sin(2x)^2,  beta = 30
#     [a, b] = [-1.5707963267949, 1.5707963267949]
#
# METHOD
#   MATSLISE 2, CP methods: piecewise constant reference potential plus
#   perturbation corrections, on an automatically constructed mesh.  The
#   requested input tolerance was 1e-12.
#   MATSLISE directory: /home/vitek/Documents/Science/Work/Articles_in_progress/Discrete sine transform and eigenvalues/MATSLISE2
#
# SOFTWARE REFERENCE (Chicago style)
#   Ledoux, Veerle, and Marnix Van Daele. "Matslise 2.0: A Matlab Toolbox
#     for Sturm-Liouville Computations." ACM Transactions on Mathematical
#     Software 42, no. 4 (2016): 29:1-29:18.
#     https://doi.org/10.1145/2839299.
#   Ledoux, Veerle, Marnix Van Daele, and Guido Vanden Berghe. "MATSLISE:
#     A MATLAB Package for the Numerical Solution of Sturm-Liouville and
#     Schrodinger Equations." ACM Transactions on Mathematical Software 31,
#     no. 4 (2005): 532-554. https://doi.org/10.1145/1114268.1114273.
#   Ledoux, Veerle, and Marnix Van Daele. MATSLISE. Version 2. MATLAB
#     package. SourceForge, 2015. https://sourceforge.net/projects/matslise/.
#
# COMMAND
#   The potentials are the function handles used by the solvers in ../src,
#   so the reference matches the methods under test exactly.
#     addpath(genpath(fullfile(matslise_dir, 'source')));
#     addpath(fullfile(root, 'src'));
#     one = @(x) ones(size(x));
#     o   = slp(one, @q_coffey_evans, one, -pi/2, pi/2, 1, 0, 1, 0);
#     E   = computeEigenvalues(o, 0, 499, 1e-12, true);
#   Run in full, from this directory, by:
#     matlab -batch "generate_matslise_reference(500, 1e-12)"
#
# TIMING
#   WALL_CLOCK = 0.227644 s
#   WALL_CLOCK_PER_EIGENVALUE = 0.000455288 s
#   Wall clock for the computeEigenvalues call above, mesh construction
#   included; one call returning all 500 eigenvalues.  A throwaway call
#   precedes the timed ones, so this excludes JIT compilation and class
#   loading (warm start).
#
# ENVIRONMENT
#   MATLAB 26.1.0.3203278 (R2026a) on GLNXA64
#
# COLUMNS
#   k                index counting from one (convention of the article)
#   matslise_index   index counting from zero, as returned by MATSLISE
#   eigenvalue       lambda_k
#   estimated_error  MATSLISE error estimate for that eigenvalue
#   status           MATSLISE status flag, 0 = correct calculation
#
k,matslise_index,eigenvalue,estimated_error,status
1,0,-4.23839121328424e-11,-4.545178e-11,0
2,1,117.946307662123,6.944845e-11,0
3,2,231.664929237213,8.645884e-11,0
4,3,231.664929313014,2.220446e-16,0
5,4,231.664929388881,8.614620e-11,0
6,5,340.888299809744,1.298872e-10,0
7,6,445.283089582517,3.876721e-11,0
8,7,445.28317230675,-1.705303e-13,0
9,8,445.283255031412,9.475798e-11,0
10,9,544.41838514944,7.992185e-11,0
11,10,637.682249874116,6.923528e-11,0
12,11,637.704362341736,7.935341e-11,0
13,12,637.72650231858,6.809842e-11,0
14,13,724.257681350074,4.320100e-11,0
15,14,800.831312181741,3.115019e-11,0
16,15,802.478798692686,6.195933e-11,0
17,16,804.279305168884,2.341949e-11,0
18,17,868.960222870826,-5.911716e-12,0
19,18,909.481046507479,6.582468e-11,0
20,19,925.977309834808,3.597052e-10,0
21,20,951.878806796599,8.526513e-12,0
22,21,992.537296730791,7.958079e-13,0
23,22,1032.30248263793,-3.547029e-11,0
24,23,1073.45003143578,-3.569767e-11,0
25,24,1118.14472420373,-1.068656e-11,0
26,25,1165.66802470502,-5.456968e-11,0
27,26,1215.55909200148,-3.501555e-11,0
28,27,1267.80872631756,-1.807621e-10,0
29,28,1322.38489102766,-6.616574e-11,0
30,29,1379.22802645034,-1.173248e-10,0
31,30,1438.29524464083,2.864908e-11,0
32,31,1499.55521029387,-9.322321e-11,0
33,32,1562.98195897948,-1.459739e-10,0
34,33,1628.55383285542,-5.525180e-11,0
35,34,1696.25279910376,-1.268745e-10,0
36,35,1766.06368975074,-1.659828e-11,0
37,36,1837.97362966544,-1.327862e-10,0
38,37,1911.97161380416,-1.577973e-10,0
39,38,1988.04817696162,-2.569323e-10,0
40,39,2066.19513195873,-1.987246e-10,0
41,40,2146.40536053984,-1.091394e-11,0
42,41,2228.67264470179,-4.411049e-11,0
43,42,2312.99152937865,-1.195986e-10,0
44,43,2399.35720975122,-1.582521e-10,0
45,44,2487.76543809411,-1.155058e-10,0
46,45,2578.21244626104,-4.911271e-11,0
47,46,2670.69488079053,2.220446e-16,0
48,47,2765.209748273,-2.910383e-11,0
49,48,2861.75436911889,1.409717e-11,0
50,49,2960.32633824726,-8.230927e-11,0
51,50,3060.92349151145,2.773959e-11,0
52,51,3163.54387690158,4.092726e-11,0
53,52,3268.18572975141,6.366463e-11,0
54,53,3374.84745131072,-6.866685e-11,0
55,54,3483.52759016489,-1.591616e-11,0
56,55,3594.22482606772,-1.409717e-11,0
57,56,3706.93795583381,1.291482e-10,0
58,57,3821.6658809885,8.412826e-11,0
59,58,3938.40759692947,-8.049028e-11,0
60,59,4057.16218338719,-2.319211e-11,0
61,60,4177.92879600725,-4.729372e-11,0
62,61,4300.70665890764,2.737579e-10,0
63,62,4425.49505807749,9.276846e-11,0
64,63,4552.29333551669,1.355147e-10,0
65,64,4681.10088401282,2.220446e-16,0
66,65,4811.91714248545,-1.091394e-11,0
67,66,4944.7415918217,1.764420e-10,0
68,67,5079.57375114697,1.673470e-10,0
69,68,5216.41317448019,1.564331e-10,0
70,69,5355.25944772543,-3.547029e-11,0
71,70,5496.11218596518,5.456968e-12,0
72,71,5638.97103101716,2.182787e-11,0
73,72,5783.83564922953,2.637535e-11,0
74,73,5930.70572948542,1.227818e-10,0
75,74,6079.58098139464,2.273737e-11,0
76,75,6230.46113365449,-9.094947e-13,0
77,76,6383.34593255881,1.055014e-10,0
78,77,6538.23514064219,5.820766e-11,0
79,78,6695.1285354458,4.365575e-11,0
80,79,6854.02590839017,1.909939e-11,0
81,80,7014.92706374684,-1.637090e-11,0
82,81,7177.83181769768,2.910383e-11,0
83,82,7342.73999747366,2.910383e-11,0
84,83,7509.65144056608,6.366463e-11,0
85,84,7678.56599400226,-1.455192e-11,0
86,85,7849.48351368111,-2.273737e-11,0
87,86,8022.40386376125,-2.910383e-11,0
88,87,8197.32691609902,2.710294e-10,0
89,88,8374.25254972856,2.546585e-11,0
90,89,8553.18065038676,1.200533e-10,0
91,90,8734.11111006885,-1.637090e-11,0
92,91,8917.0438266238,5.693437e-10,0
93,92,9101.97870337298,3.637979e-12,0
94,93,9288.91564876781,5.093170e-11,0
95,94,9477.8545760605,2.910383e-11,0
96,95,9668.79540300764,-3.637979e-12,0
97,96,9861.73805159139,-3.637979e-11,0
98,97,10056.6824477615,1.818989e-11,0
99,98,10253.628521195,-9.094947e-12,0
100,99,10452.5762050737,2.728484e-11,0
101,100,10653.5254358759,7.275958e-12,0
102,101,10856.4761531833,-9.094947e-12,0
103,102,11061.428299501,3.474270e-10,0
104,103,11268.3818200872,-2.364686e-11,0
105,104,11477.3366628003,9.094947e-12,0
106,105,11688.2927779481,-2.182787e-11,0
107,106,11901.250118153,2.220446e-16,0
108,107,12116.2086382231,7.275958e-12,0
109,108,12333.1682950325,-1.455192e-11,0
110,109,12552.1290474085,2.220446e-16,0
111,110,12773.0908560268,-5.456968e-12,0
112,111,12996.0536833124,-1.455192e-11,0
113,112,13221.0174933473,-1.818989e-12,0
114,113,13447.9822517832,-5.456968e-12,0
115,114,13676.9479257601,-3.637979e-12,0
116,115,13907.9144838295,-5.456968e-12,0
117,116,14140.881895882,-7.275958e-12,0
118,117,14375.85013308,1.564331e-10,0
119,118,14612.8191677925,-1.818989e-12,0
120,119,14851.7889735371,1.382432e-10,0
121,120,15092.7595249205,-5.456968e-12,0
122,121,15335.7307975884,4.383764e-10,0
123,122,15580.7027681702,-3.637979e-12,0
124,123,15827.6754142377,-1.818989e-12,0
125,124,16076.6487142548,-1.818989e-12,0
126,125,16327.6226475374,-1.818989e-12,0
127,126,16580.5971942133,-3.637979e-12,0
128,127,16835.5723351837,3.637979e-12,0
129,128,17092.5480520876,1.418812e-10,0
130,129,17351.5243272676,-3.637979e-12,0
131,130,17612.5011437384,2.220446e-16,0
132,131,17875.4784851557,2.220446e-16,0
133,132,18140.4563357876,2.220446e-16,0
134,133,18407.4346804872,3.637979e-12,0
135,134,18676.4135046669,3.637979e-12,0
136,135,18947.3927942736,2.220446e-16,0
137,136,19220.3725357656,3.892637e-10,0
138,137,19495.352716089,2.220446e-16,0
139,138,19772.3333226599,2.220446e-16,0
140,139,20051.3143433411,2.220446e-16,0
141,140,20332.2957664247,2.220446e-16,0
142,141,20615.2775806136,2.220446e-16,0
143,142,20900.2597750047,2.220446e-16,0
144,143,21187.2423390722,8.731149e-11,0
145,144,21476.2252626516,2.220446e-16,0
146,145,21767.2085359263,6.184564e-11,0
147,146,22060.1921494117,-3.637979e-12,0
148,147,22355.1760939434,1.418812e-10,0
149,148,22652.1603606626,2.220446e-16,0
150,149,22951.144941006,1.491571e-10,0
151,150,23252.1298266918,2.220446e-16,0
152,151,23555.1150097109,2.220446e-16,0
153,152,23860.1004823144,2.220446e-16,0
154,153,24167.0862370045,2.220446e-16,0
155,154,24476.0722665244,2.220446e-16,0
156,155,24787.0585638492,2.220446e-16,0
157,156,25100.0451221773,5.093170e-11,0
158,157,25415.0319349213,-3.637979e-12,0
159,158,25732.0189957006,2.220446e-16,0
160,159,26051.0062983333,-3.637979e-12,0
161,160,26371.9938368291,9.094947e-11,0
162,161,26694.9816053815,2.220446e-16,0
163,162,27019.9695983625,1.309672e-10,0
164,163,27346.957810314,2.220446e-16,0
165,164,27675.946235944,2.220446e-16,0
166,165,28006.9348701188,2.220446e-16,0
167,166,28339.923707858,2.220446e-16,0
168,167,28674.912744329,2.220446e-16,0
169,168,29011.901974842,2.220446e-16,0
170,169,29350.8913948445,2.220446e-16,0
171,170,29691.8809999168,2.220446e-16,0
172,171,30034.8707857674,8.367351e-11,0
173,172,30379.8607482283,3.637979e-12,0
174,173,30726.8508832512,2.220446e-16,0
175,174,31075.8411869029,3.637979e-12,0
176,175,31426.8316553619,1.091394e-11,0
177,176,31779.8222849139,2.220446e-16,0
178,177,32134.8130719492,3.637979e-12,0
179,178,32491.8040129583,2.220446e-16,0
180,179,32850.795104529,2.220446e-16,0
181,180,33211.7863433431,2.220446e-16,0
182,181,33574.7777261734,2.220446e-16,0
183,182,33939.7692498805,2.220446e-16,0
184,183,34306.7609114102,2.220446e-16,0
185,184,34675.7527077906,6.548362e-11,0
186,185,35046.7446361294,2.220446e-16,0
187,186,35419.7366936115,1.455192e-11,0
188,187,35794.7288774965,2.220446e-16,0
189,188,36171.7211851163,1.455192e-11,0
190,189,36550.7136138727,2.220446e-16,0
191,190,36931.7061612356,1.455192e-11,0
192,191,37314.6988247403,7.275958e-12,0
193,192,37699.6916019861,2.220446e-16,0
194,193,38086.6844906338,2.220446e-16,0
195,194,38475.677488404,2.220446e-16,0
196,195,38866.6705930756,-7.275958e-12,0
197,196,39259.6638024834,2.220446e-16,0
198,197,39654.657114517,2.220446e-16,0
199,198,40051.6505271185,-7.275958e-12,0
200,199,40450.6440382819,2.220446e-16,0
201,200,40851.6376460505,2.220446e-16,0
202,201,41254.631348516,2.220446e-16,0
203,202,41659.6251438172,2.220446e-16,0
204,203,42066.6190301383,2.220446e-16,0
205,204,42475.6130057075,2.220446e-16,0
206,205,42886.6070687961,2.220446e-16,0
207,206,43299.6012177171,2.220446e-16,0
208,207,43714.5954508238,2.220446e-16,0
209,208,44131.5897665088,2.220446e-16,0
210,209,44550.5841632031,2.220446e-16,0
211,210,44971.5786393745,2.220446e-16,0
212,211,45394.573193527,2.220446e-16,0
213,212,45819.5678241998,2.220446e-16,0
214,213,46246.5625299657,2.220446e-16,0
215,214,46675.5573094311,6.548362e-11,0
216,215,47106.5521612343,2.220446e-16,0
217,216,47539.5470840449,2.182787e-11,0
218,217,47974.5420765632,2.220446e-16,0
219,218,48411.5371375188,5.093170e-11,0
220,219,48850.5322656702,2.220446e-16,0
221,220,49291.5274598041,2.220446e-16,0
222,221,49734.5227187342,2.220446e-16,0
223,222,50179.518041301,2.220446e-16,0
224,223,50626.5134263705,2.220446e-16,0
225,224,51075.5088728342,-7.275958e-12,0
226,225,51526.5043796078,2.220446e-16,0
227,226,51979.4999456309,2.220446e-16,0
228,227,52434.4955698753,8.869392e-09,0
229,228,52891.4912512998,-7.275958e-12,0
230,229,53350.4869889385,2.182787e-11,0
231,230,53811.4827818112,2.220446e-16,0
232,231,54274.4786289679,2.220446e-16,0
233,232,54739.4745294786,2.220446e-16,0
234,233,55206.4704824332,2.220446e-16,0
235,234,55675.466486941,2.220446e-16,0
236,235,56146.46254213,2.220446e-16,0
237,236,56619.4586471468,-7.275958e-12,0
238,237,57094.4548011557,2.220446e-16,0
239,238,57571.4510033384,3.637979e-11,0
240,239,58050.4472528936,2.220446e-16,0
241,240,58531.4435490369,-2.910383e-11,0
242,241,59014.4398909998,2.220446e-16,0
243,242,59499.4362780296,1.455192e-11,0
244,243,59986.4327093891,2.220446e-16,0
245,244,60475.4291843559,2.910383e-11,0
246,245,60966.4257022224,7.275958e-12,0
247,246,61459.4222622955,2.220446e-16,0
248,247,61954.4188638956,2.220446e-16,0
249,248,62451.4155063571,2.220446e-16,0
250,249,62950.4121890274,-7.275958e-12,0
251,250,63451.4089112672,2.220446e-16,0
252,251,63954.4056724496,1.455192e-11,0
253,252,64459.40247196,2.220446e-16,0
254,253,64966.3993091962,-3.637979e-11,0
255,254,65475.3961835675,2.220446e-16,0
256,255,65986.3930944949,2.220446e-16,0
257,256,66499.3900414104,2.220446e-16,0
258,257,67014.3870237572,2.220446e-16,0
259,258,67531.3840409893,2.220446e-16,0
260,259,68050.3810925709,5.820766e-11,0
261,260,68571.3781779766,2.220446e-16,0
262,261,69094.3752966911,2.220446e-16,0
263,262,69619.3724482086,2.220446e-16,0
264,263,70146.3696320332,-1.455192e-11,0
265,264,70675.3668476782,2.220446e-16,0
266,265,71206.3640946658,2.220446e-16,0
267,266,71739.3613725275,2.220446e-16,0
268,267,72274.3586808034,2.220446e-16,0
269,268,72811.356019042,-1.455192e-11,0
270,269,73350.3533868003,2.220446e-16,0
271,270,73891.3507836433,1.455192e-11,0
272,271,74434.3482091442,2.220446e-16,0
273,272,74979.3456628838,2.220446e-16,0
274,273,75526.3431444506,2.220446e-16,0
275,274,76075.3406534407,2.220446e-16,0
276,275,76626.3381894573,2.220446e-16,0
277,276,77179.3357521109,2.220446e-16,0
278,277,77734.3333410189,2.220446e-16,0
279,278,78291.3309558055,2.220446e-16,0
280,279,78850.3285961018,4.365575e-11,0
281,280,79411.3262615453,1.455192e-11,0
282,281,79974.3239517913,1.143781e-08,0
283,282,80539.3216664557,2.220446e-16,0
284,283,81106.3194052294,2.910383e-11,0
285,284,81675.3171677631,2.220446e-16,0
286,285,82246.3149537365,1.135049e-08,0
287,286,82819.3127627897,2.220446e-16,0
288,287,83394.3105946363,2.220446e-16,0
289,288,83971.3084489503,2.220446e-16,0
290,289,84550.3063254223,2.220446e-16,0
291,290,85131.3042237483,2.220446e-16,0
292,291,85714.3021436293,2.220446e-16,0
293,292,86299.3000847717,4.365575e-11,0
294,293,86886.2980468867,2.220446e-16,0
295,294,87475.2960296903,2.220446e-16,0
296,295,88066.2940329035,-1.455192e-11,0
297,296,88659.292056252,2.910383e-11,0
298,297,89254.2900994657,2.220446e-16,0
299,298,89851.2881622796,2.220446e-16,0
300,299,90450.2862444326,-1.455192e-11,0
301,300,91051.2843456682,1.455192e-11,0
302,301,91654.2824657341,2.220446e-16,0
303,302,92259.2806043821,2.220446e-16,0
304,303,92866.2787613681,2.220446e-16,0
305,304,93475.276936452,2.220446e-16,0
306,305,94086.2751293977,2.220446e-16,0
307,306,94699.2733399728,2.220446e-16,0
308,307,95314.2715679486,2.220446e-16,0
309,308,95931.2698131004,2.220446e-16,0
310,309,96550.2680752128,5.908078e-09,0
311,310,97171.2663540503,2.220446e-16,0
312,311,97794.2646494255,8.949428e-09,0
313,312,98419.2629610946,-1.455192e-11,0
314,313,99046.2612888771,2.220446e-16,0
315,314,99675.2596325599,2.220446e-16,0
316,315,100306.257991942,2.220446e-16,0
317,316,100939.256366826,2.220446e-16,0
318,317,101574.254757016,2.220446e-16,0
319,318,102211.253162322,-1.455192e-11,0
320,319,102850.251582555,2.220446e-16,0
321,320,103491.250017528,2.220446e-16,0
322,321,104134.24846706,2.220446e-16,0
323,322,104779.246930969,2.220446e-16,0
324,323,105426.245409079,2.220446e-16,0
325,324,106075.243901216,2.910383e-11,0
326,325,106726.242407207,2.220446e-16,0
327,326,107379.240926884,2.220446e-16,0
328,327,108034.239460079,1.455192e-11,0
329,328,108691.238006628,-1.455192e-11,0
330,329,109350.236566371,2.220446e-16,0
331,330,110011.235139147,2.220446e-16,0
332,331,110674.233724801,2.220446e-16,0
333,332,111339.232323176,2.220446e-16,0
334,333,112006.230934122,1.455192e-11,0
335,334,112675.229557489,2.220446e-16,0
336,335,113346.228193128,2.220446e-16,0
337,336,114019.226840895,2.220446e-16,0
338,337,114694.225500646,2.910383e-11,0
339,338,115371.22417224,2.220446e-16,0
340,339,116050.222855538,-5.820766e-11,0
341,340,116731.221550402,2.220446e-16,0
342,341,117414.220256698,2.220446e-16,0
343,342,118099.218974293,1.455192e-11,0
344,343,118786.217703054,-1.455192e-11,0
345,344,119475.216442854,-1.455192e-11,0
346,345,120166.215193565,2.220446e-16,0
347,346,120859.21395506,2.220446e-16,0
348,347,121554.212727217,2.220446e-16,0
349,348,122251.211509925,1.252920e-08,0
350,349,122950.210303028,1.455192e-11,0
351,350,123651.209106447,4.176400e-09,0
352,351,124354.207920042,-1.455192e-11,0
353,352,125059.206743709,2.220446e-16,0
354,353,125766.20557733,-1.455192e-11,0
355,354,126475.204420813,1.851004e-08,0
356,355,127186.203273991,1.455192e-11,0
357,356,127899.202136811,-1.455192e-11,0
358,357,128614.201009147,1.455192e-11,0
359,358,129331.199890893,2.220446e-16,0
360,359,130050.198781945,1.455192e-11,0
361,360,130771.197682199,2.220446e-16,0
362,361,131494.196591555,2.220446e-16,0
363,362,132219.195509912,2.220446e-16,0
364,363,132946.194437171,2.220446e-16,0
365,364,133675.193373234,2.220446e-16,0
366,365,134406.192318033,2.639717e-08,0
367,366,135139.191271393,2.220446e-16,0
368,367,135874.1902333,2.220446e-16,0
369,368,136611.189203635,2.220446e-16,0
370,369,137350.188182307,2.220446e-16,0
371,370,138091.187169227,2.220446e-16,0
372,371,138834.186164306,2.910383e-11,0
373,372,139579.185167456,2.220446e-16,0
374,373,140326.184178591,2.220446e-16,0
375,374,141075.183197627,2.220446e-16,0
376,375,141826.182224479,2.910383e-11,0
377,376,142579.181259065,2.220446e-16,0
378,377,143334.180301302,2.220446e-16,0
379,378,144091.17935111,2.220446e-16,0
380,379,144850.17840841,2.220446e-16,0
381,380,145611.177473123,2.910383e-11,0
382,381,146374.176545172,2.220446e-16,0
383,382,147139.175624503,2.357410e-08,0
384,383,147906.17471097,2.220446e-16,0
385,384,148675.173804569,2.220446e-16,0
386,385,149446.172905204,2.220446e-16,0
387,386,150219.172012802,-2.910383e-11,0
388,387,150994.171127291,2.220446e-16,0
389,388,151771.1702486,2.220446e-16,0
390,389,152550.169376659,2.220446e-16,0
391,390,153331.1685114,2.220446e-16,0
392,391,154114.1676528,4.595495e-08,0
393,392,154899.166800655,2.220446e-16,0
394,393,155686.165955035,-2.910383e-11,0
395,394,156475.165115829,2.220446e-16,0
396,395,157266.164282984,1.187436e-08,0
397,396,158059.163456402,2.220446e-16,0
398,397,158854.162636054,2.220446e-16,0
399,398,159651.161821866,2.220446e-16,0
400,399,160450.161013777,2.220446e-16,0
401,400,161251.160211725,2.220446e-16,0
402,401,162054.159415652,2.220446e-16,0
403,402,162859.158625497,2.220446e-16,0
404,403,163666.157841203,-2.910383e-11,0
405,404,164475.157062716,5.326001e-09,0
406,405,165286.156289964,2.220446e-16,0
407,406,166099.155522915,9.633368e-09,0
408,407,166914.15476148,2.220446e-16,0
409,408,167731.154005641,7.537892e-09,0
410,409,168550.15325531,2.220446e-16,0
411,410,169371.152510457,2.220446e-16,0
412,411,170194.151771022,2.220446e-16,0
413,412,171019.15103695,2.220446e-16,0
414,413,171846.150308192,2.220446e-16,0
415,414,172675.149584695,2.220446e-16,0
416,415,173506.148866409,2.220446e-16,0
417,416,174339.148153285,2.220446e-16,0
418,417,175174.147445281,7.916242e-09,0
419,418,176011.146742323,2.910383e-11,0
420,419,176850.146044435,4.540198e-08,0
421,420,177691.145351422,2.220446e-16,0
422,421,178534.144663414,3.835885e-08,0
423,422,179379.143980204,2.220446e-16,0
424,423,180226.143301859,2.220446e-16,0
425,424,181075.142628297,2.220446e-16,0
426,425,181926.141959473,2.910383e-11,0
427,426,182779.141295343,2.220446e-16,0
428,427,183634.140635862,2.910383e-11,0
429,428,184491.139980987,2.220446e-16,0
430,429,185350.139330676,2.220446e-16,0
431,430,186211.138684897,1.068111e-08,0
432,431,187074.138043576,2.220446e-16,0
433,432,187939.137406737,3.376044e-08,0
434,433,188806.136774228,2.220446e-16,0
435,434,189675.13614611,2.220446e-16,0
436,435,190546.135522308,2.220446e-16,0
437,436,191419.1349028,1.594890e-08,0
438,437,192294.134287499,2.220446e-16,0
439,438,193171.133676413,2.220446e-16,0
440,439,194050.133069489,2.220446e-16,0
441,440,194931.132466689,2.220446e-16,0
442,441,195814.131867975,2.910383e-11,0
443,442,196699.131273312,2.220446e-16,0
444,443,197586.130682675,1.324224e-08,0
445,444,198475.130095989,2.220446e-16,0
446,445,199366.129513274,1.586159e-08,0
447,446,200259.128934434,2.220446e-16,0
448,447,201154.128359481,2.220446e-16,0
449,448,202051.127788366,2.910383e-11,0
450,449,202950.127221073,1.926674e-08,0
451,450,203851.126657511,2.220446e-16,0
452,451,204754.126097704,2.220446e-16,0
453,452,205659.125541601,2.220446e-16,0
454,453,206566.124989168,2.220446e-16,0
455,454,207475.124440373,2.910383e-11,0
456,455,208386.123895185,2.220446e-16,0
457,456,209299.123353588,1.542503e-08,0
458,457,210214.122815503,2.220446e-16,0
459,458,211131.122280951,4.627509e-09,0
460,459,212050.121749873,2.220446e-16,0
461,460,212971.121222276,2.470915e-08,0
462,461,213894.120698052,2.220446e-16,0
463,462,214819.120177267,2.200250e-08,0
464,463,215746.119659802,2.910383e-11,0
465,464,216675.119145694,2.220446e-16,0
466,465,217606.118634892,2.220446e-16,0
467,466,218539.118127368,2.220446e-16,0
468,467,219474.117623094,2.220446e-16,0
469,468,220411.117122041,2.220446e-16,0
470,469,221350.116624184,2.220446e-16,0
471,470,222291.116129494,2.220446e-16,0
472,471,223234.115637964,1.915032e-08,0
473,472,224179.115149511,-2.910383e-11,0
474,473,225126.114664164,-2.910383e-11,0
475,474,226075.11418188,2.220446e-16,0
476,475,227026.113702652,2.057641e-08,0
477,476,227979.113226394,2.220446e-16,0
478,477,228934.112753143,2.220446e-16,0
479,478,229891.112282853,2.220446e-16,0
480,479,230850.111815498,2.220446e-16,0
481,480,231811.111351056,2.910383e-11,0
482,481,232774.110889501,2.220446e-16,0
483,482,233739.11043081,2.220446e-16,0
484,483,234706.10997496,2.220446e-16,0
485,484,235675.109521946,2.083834e-08,0
486,485,236646.109071685,-2.910383e-11,0
487,486,237619.108624231,1.597800e-08,0
488,487,238594.108179494,2.220446e-16,0
489,488,239571.107737498,2.220446e-16,0
490,489,240550.107298205,2.220446e-16,0
491,490,241531.106861593,2.910383e-11,0
492,491,242514.106427641,2.220446e-16,0
493,492,243499.105996327,2.220446e-16,0
494,493,244486.10556763,2.220446e-16,0
495,494,245475.105141528,2.220446e-16,0
496,495,246466.104718,2.220446e-16,0
497,496,247459.104297027,2.220446e-16,0
498,497,248454.103878587,2.220446e-16,0
499,498,249451.10346266,2.220446e-16,0
500,499,250450.103049251,2.418528e-08,0
