# Problem: coffey_evans (Numerov, paper eigenvalues-head run, dense eig full spectrum)
#   -y'' + q(x) y = lambda y,  y(a) = y(b) = 0
#   [a, b] = [-1.5707963267949, 1.5707963267949]
# Resolution N = 1000, dofs = 1000
# Computation time: 2.4427 s
n,lambda_n
1,-1.61204301523e-07
2,117.94630661
3,231.664925837
4,231.664928373
5,231.664928376
6,340.888291789
7,445.283078529
8,445.283165279
9,445.283244164
10,544.418361276
11,637.682222638
12,637.704342111
13,637.726475043
14,724.257636543
15,800.831270272
16,802.478763768
17,804.279258942
18,868.960169525
19,909.481006249
20,925.977259567
21,951.878730936
22,992.537209917
23,1032.30237929
24,1073.44990377
25,1118.14456929
26,1165.66783871
27,1215.55886903
28,1267.80845965
29,1322.3845731
30,1379.22764854
31,1438.29479673
32,1499.55468101
33,1562.9813354
34,1628.55310041
35,1696.25194137
36,1766.06268833
37,1837.97246397
38,1911.97026088
39,1988.0466113
40,2066.19332527
41,2146.40328153
42,2228.67025886
43,2312.98879872
44,2399.35409254
45,2487.7618886
46,2578.20841447
47,2670.69031211
48,2765.20458321
49,2861.74854298
50,2960.31978077
51,3060.91612655
52,3163.53562203
53,3268.1764959
54,3374.83714237
55,3483.51610257
56,3594.21204838
57,3706.92376828
58,3821.65015502
59,3938.39019473
60,4057.14295741
61,4177.90758843
62,4300.68330112
63,4425.46937015
64,4552.2651256
65,4681.06994781
66,4811.88326259
67,4944.70453716
68,5079.53327628
69,5216.36901899
70,5355.21133551
71,5496.05982456
72,5638.91411086
73,5783.77384293
74,5930.63869105
75,6079.50834545
76,6230.38251465
77,6383.26092394
78,6538.14331399
79,6695.02943962
80,6853.9190686
81,7014.81198068
82,7177.70796655
83,7342.60682698
84,7509.50837203
85,7678.41242026
86,7849.31879807
87,8022.22733906
88,8197.13788343
89,8374.05027745
90,8552.96437293
91,8733.88002679
92,8916.7971006
93,9101.71546019
94,9288.63497524
95,9477.55551898
96,9668.47696784
97,9861.39920112
98,10056.3221007
99,10253.2455509
100,10452.1694381
101,10653.0936503
102,10856.0180774
103,11060.9426106
104,11267.8671424
105,11476.7915661
106,11687.7157761
107,11900.6396674
108,12115.5631354
109,12332.486076
110,12551.4083853
111,12772.3299595
112,12995.2506945
113,13220.1704865
114,13447.0892309
115,13676.0068232
116,13906.9231578
117,14139.838129
118,14374.7516301
119,14611.6635535
120,14850.5737908
121,15091.4822327
122,15334.3887685
123,15579.2932864
124,15826.1956736
125,16075.0958154
126,16325.9935961
127,16578.8888984
128,16833.7816031
129,17090.6715898
130,17349.5587359
131,17610.4429172
132,17873.3240076
133,18138.2018791
134,18405.0764015
135,18673.9474426
136,18944.8148681
137,19217.6785414
138,19492.5383236
139,19769.3940734
140,20048.2456472
141,20329.092899
142,20611.9356799
143,20896.7738389
144,21183.6072218
145,21472.4356722
146,21763.2590305
147,22056.0771345
148,22350.8898191
149,22647.696916
150,22946.4982543
151,23247.2936596
152,23550.0829547
153,23854.865959
154,24161.6424887
155,24470.4123569
156,24781.1753729
157,25093.931343
158,25408.6800699
159,25725.4213527
160,26044.1549869
161,26364.8807644
162,26687.5984734
163,27012.3078984
164,27339.00882
165,27667.7010148
166,27998.3842557
167,28331.0583115
168,28665.7229469
169,29002.3779226
170,29341.022995
171,29681.6579164
172,30024.2824347
173,30368.8962936
174,30715.4992323
175,31064.0909854
176,31414.6712833
177,31767.2398516
178,32121.7964112
179,32478.3406786
180,32836.8723652
181,33197.3911777
182,33559.896818
183,33924.388983
184,34290.8673646
185,34659.3316495
186,35029.7815195
187,35402.2166511
188,35776.6367156
189,36153.0413787
190,36531.4303012
191,36911.8031382
192,37294.1595391
193,37678.4991481
194,38064.8216036
195,38453.1265382
196,38843.4135789
197,39235.6823468
198,39629.9324572
199,40026.1635192
200,40424.3751362
201,40824.5669052
202,41226.7384172
203,41630.889257
204,42037.0190031
205,42445.1272275
206,42855.2134959
207,43267.2773674
208,43681.3183948
209,44097.3361239
210,44515.3300939
211,44935.2998375
212,45357.2448801
213,45781.1647407
214,46207.0589307
215,46634.926955
216,47064.7683111
217,47496.5824894
218,47930.3689728
219,48366.1272371
220,48803.8567506
221,49243.5569741
222,49685.2273608
223,50128.8673564
224,50574.4763986
225,51022.0539176
226,51471.5993356
227,51923.1120668
228,52376.5915174
229,52832.0370857
230,53289.4481616
231,53748.8241268
232,54210.1643547
233,54673.4682103
234,55138.73505
235,55605.9642219
236,56075.1550652
237,56546.3069105
238,57019.4190795
239,57494.4908851
240,57971.5216313
241,58450.5106128
242,58931.4571155
243,59414.3604159
244,59899.2197811
245,60386.0344691
246,60874.8037283
247,61365.5267975
248,61858.202906
249,62352.8312732
250,62849.411109
251,63347.9416131
252,63848.4219754
253,64350.8513759
254,64855.2289841
255,65361.5539595
256,65869.8254513
257,66380.0425983
258,66892.2045286
259,67406.3103601
260,67922.3591996
261,68440.3501435
262,68960.2822773
263,69482.1546753
264,70005.9664011
265,70531.716507
266,71059.4040342
267,71589.0280124
268,72120.5874602
269,72654.0813846
270,73189.5087808
271,73726.8686327
272,74266.1599122
273,74807.3815793
274,75350.5325824
275,75895.6118574
276,76442.6183284
277,76991.550907
278,77542.4084927
279,78095.1899725
280,78649.8942207
281,79206.5200992
282,79765.0664571
283,80325.5321306
284,80887.9159432
285,81452.2167052
286,82018.4332137
287,82586.5642529
288,83156.6085933
289,83728.5649923
290,84302.4321937
291,84878.2089275
292,85455.8939102
293,86035.4858444
294,86616.9834187
295,87200.3853079
296,87785.6901724
297,88372.8966584
298,88962.0033981
299,89553.0090087
300,90145.9120934
301,90740.7112403
302,91337.4050231
303,91935.9920003
304,92536.4707157
305,93138.839698
306,93743.0974605
307,94349.2425014
308,94957.2733034
309,95567.1883338
310,96178.9860442
311,96792.6648705
312,97408.2232327
313,98025.6595349
314,98644.9721652
315,99266.1594955
316,99889.2198813
317,100514.151662
318,101140.95316
319,101769.622682
320,102400.158516
321,103032.558936
322,103666.822197
323,104302.946538
324,104940.93018
325,105580.771326
326,106222.468164
327,106866.018863
328,107511.421574
329,108158.674431
330,108807.775549
331,109458.723027
332,110111.514944
333,110766.149362
334,111422.624324
335,112080.937855
336,112741.087961
337,113403.072629
338,114066.889827
339,114732.537507
340,115400.013597
341,116069.316011
342,116740.442639
343,117413.391355
344,118088.160013
345,118764.746444
346,119443.148464
347,120123.363867
348,120805.390425
349,121489.225893
350,122174.868005
351,122862.314473
352,123551.562991
353,124242.611229
354,124935.456839
355,125630.097452
356,126326.530676
357,127024.7541
358,127724.765291
359,128426.561794
360,129130.141133
361,129835.500811
362,130542.638307
363,131251.551082
364,131962.23657
365,132674.692188
366,133388.915327
367,134104.903356
368,134822.653624
369,135542.163455
370,136263.430151
371,136986.45099
372,137711.22323
373,138437.744101
374,139166.010814
375,139896.020555
376,140627.770486
377,141361.257746
378,142096.479449
379,142833.432688
380,143572.114527
381,144312.522012
382,145054.652158
383,145798.501961
384,146544.06839
385,147291.348388
386,148040.338876
387,148791.036748
388,149543.438874
389,150297.542097
390,151053.343236
391,151810.839086
392,152570.026412
393,153330.901957
394,154093.462437
395,154857.704541
396,155623.624933
397,156391.22025
398,157160.487102
399,157931.422074
400,158704.021724
401,159478.28258
402,160254.201148
403,161031.773902
404,161810.997293
405,162591.867741
406,163374.381641
407,164158.535358
408,164944.325233
409,165731.747574
410,166520.798664
411,167311.474759
412,168103.772082
413,168897.686833
414,169693.215179
415,170490.35326
416,171289.097187
417,172089.443043
418,172891.38688
419,173694.924721
420,174500.052561
421,175306.766364
422,176115.062065
423,176924.935568
424,177736.382748
425,178549.39945
426,179363.981489
427,180180.124648
428,180997.824681
429,181817.07731
430,182637.878229
431,183460.223097
432,184284.107544
433,185109.52717
434,185936.477542
435,186764.954195
436,187594.952635
437,188426.468333
438,189259.49673
439,190094.033234
440,190930.073223
441,191767.61204
442,192606.644996
443,193447.167372
444,194289.174413
445,195132.661334
446,195977.623314
447,196824.055501
448,197671.953009
449,198521.31092
450,199372.12428
451,200224.388105
452,201078.097372
453,201933.24703
454,202789.831988
455,203647.847127
456,204507.287289
457,205368.147283
458,206230.421885
459,207094.105833
460,207959.193833
461,208825.680556
462,209693.560636
463,210562.828674
464,211433.479233
465,212305.506844
466,213178.905998
467,214053.671155
468,214929.796736
469,215807.277128
470,216686.106679
471,217566.279704
472,218447.790479
473,219330.633246
474,220214.802209
475,221100.291535
476,221987.095355
477,222875.207763
478,223764.622814
479,224655.334528
480,225547.336888
481,226440.623837
482,227335.189283
483,228231.027094
484,229128.131102
485,230026.495101
486,230926.112845
487,231826.978052
488,232729.0844
489,233632.425531
490,234536.995045
491,235442.786506
492,236349.793439
493,237258.009329
494,238167.427622
495,239078.041726
496,239989.84501
497,240902.830801
498,241816.99239
499,242732.323025
500,243648.815919
501,244566.46424
502,245485.261119
503,246405.199648
504,247326.272875
505,248248.473812
506,249171.795429
507,250096.230654
508,251021.772377
509,251948.413446
510,252876.146669
511,253804.964812
512,254734.860601
513,255665.826722
514,256597.855818
515,257530.940491
516,258465.073302
517,259400.246772
518,260336.453378
519,261273.685558
520,262211.935705
521,263151.196174
522,264091.459276
523,265032.717279
524,265974.962412
525,266918.186859
526,267862.382763
527,268807.542225
528,269753.657303
529,270700.720013
530,271648.722328
531,272597.656178
532,273547.513452
533,274498.285994
534,275449.965607
535,276402.544049
536,277356.013037
537,278310.364244
538,279265.5893
539,280221.679792
540,281178.627262
541,282136.423211
542,283095.059096
543,284054.526329
544,285014.81628
545,285975.920275
546,286937.829595
547,287900.53548
548,288864.029123
549,289828.301676
550,290793.344244
551,291759.147892
552,292725.703637
553,293693.002455
554,294661.035275
555,295629.792985
556,296599.266425
557,297569.446394
558,298540.323646
559,299511.888889
560,300484.132789
561,301457.045964
562,302430.618992
563,303404.842404
564,304379.706686
565,305355.20228
566,306331.319584
567,307308.048951
568,308285.380688
569,309263.30506
570,310241.812286
571,311220.892538
572,312200.535948
573,313180.732598
574,314161.47253
575,315142.745737
576,316124.54217
577,317106.851734
578,318089.664289
579,319072.969652
580,320056.757593
581,321041.017837
582,322025.740066
583,323010.913916
584,323996.528978
585,324982.574798
586,325969.040879
587,326955.916676
588,327943.191602
589,328930.855025
590,329918.896265
591,330907.304601
592,331896.069266
593,332885.179447
594,333874.624288
595,334864.392888
596,335854.474301
597,336844.857535
598,337835.531556
599,338826.485283
600,339817.707593
601,340809.187316
602,341800.91324
603,342792.874106
604,343785.058613
605,344777.455413
606,345770.053117
607,346762.84029
608,347755.805452
609,348748.93708
610,349742.223608
611,350735.653424
612,351729.214873
613,352722.896256
614,353716.68583
615,354710.57181
616,355704.542365
617,356698.585621
618,357692.689663
619,358686.842528
620,359681.032214
621,360675.246674
622,361669.473817
623,362663.70151
624,363657.917578
625,364652.109802
626,365646.26592
627,366640.373627
628,367634.420578
629,368628.394382
630,369622.282608
631,370616.072783
632,371609.752391
633,372603.308874
634,373596.729632
635,374590.002024
636,375583.113367
637,376576.050937
638,377568.801969
639,378561.353654
640,379553.693145
641,380545.807554
642,381537.683951
643,382529.309365
644,383520.670785
645,384511.755162
646,385502.549403
647,386493.040377
648,387483.214914
649,388473.059802
650,389462.561792
651,390451.707593
652,391440.483878
653,392428.877278
654,393416.874387
655,394404.461759
656,395391.625912
657,396378.353324
658,397364.630433
659,398350.443644
660,399335.779319
661,400320.623788
662,401304.963338
663,402288.784224
664,403272.07266
665,404254.814827
666,405236.996868
667,406218.604888
668,407199.624959
669,408180.043116
670,409159.845359
671,410139.01765
672,411117.545921
673,412095.416064
674,413072.61394
675,414049.125374
676,415024.936158
677,416000.032049
678,416974.398771
679,417948.022014
680,418920.887437
681,419892.980663
682,420864.287286
683,421834.792866
684,422804.48293
685,423773.342974
686,424741.358464
687,425708.514834
688,426674.797486
689,427640.191793
690,428604.683096
691,429568.256709
692,430530.897913
693,431492.591961
694,432453.324078
695,433413.079459
696,434371.843271
697,435329.600652
698,436286.336713
699,437242.036538
700,438196.685182
701,439150.267676
702,440102.769022
703,441054.174198
704,442004.468153
705,442953.635814
706,443901.66208
707,444848.531828
708,445794.229909
709,446738.741149
710,447682.050351
711,448624.142297
712,449565.001743
713,450504.613422
714,451442.962048
715,452380.032311
716,453315.808878
717,454250.276399
718,455183.419499
719,456115.222786
720,457045.670846
721,457974.748245
722,458902.439533
723,459828.729237
724,460753.601869
725,461677.041922
726,462599.03387
727,463519.562172
728,464438.61127
729,465356.165588
730,466272.209536
731,467186.727508
732,468099.703882
733,469011.123023
734,469920.96928
735,470829.226991
736,471735.880479
737,472640.914053
738,473544.312012
739,474446.058641
740,475346.138216
741,476244.535
742,477141.233246
743,478036.217197
744,478929.471086
745,479820.979137
746,480710.725567
747,481598.694581
748,482484.87038
749,483369.237157
750,484251.779095
751,485132.480376
752,486011.325172
753,486888.297652
754,487763.381979
755,488636.562312
756,489507.822806
757,490377.147614
758,491244.520884
759,492109.926764
760,492973.349399
761,493834.772932
762,494694.181507
763,495551.559266
764,496406.890354
765,497260.158913
766,498111.34909
767,498960.445031
768,499807.430887
769,500652.29081
770,501495.008956
771,502335.569485
772,503173.956563
773,504010.154358
774,504844.147046
775,505675.91881
776,506505.453837
777,507332.736323
778,508157.750472
779,508980.480496
780,509800.910616
781,510619.025063
782,511434.808077
783,512248.24391
784,513059.316824
785,513868.011094
786,514674.311006
787,515478.200861
788,516279.664972
789,517078.687666
790,517875.253286
791,518669.346188
792,519460.950747
793,520250.051352
794,521036.63241
795,521820.678345
796,522602.173601
797,523381.102638
798,524157.449938
799,524931.200002
800,525702.33735
801,526470.846527
802,527236.712096
803,527999.918645
804,528760.450783
805,529518.293145
806,530273.430387
807,531025.847193
808,531775.528271
809,532522.458355
810,533266.622206
811,534008.004612
812,534746.590389
813,535482.364381
814,536215.311463
815,536945.416537
816,537672.664537
817,538397.040428
818,539118.529206
819,539837.1159
820,540552.785571
821,541265.523314
822,541975.314257
823,542682.143565
824,543385.996436
825,544086.858104
826,544784.713842
827,545479.548957
828,546171.348797
829,546860.098746
830,547545.784227
831,548228.390705
832,548907.903683
833,549584.308706
834,550257.591361
835,550927.737276
836,551594.732122
837,552258.561615
838,552919.211513
839,553576.667621
840,554230.915786
841,554881.941904
842,555529.731916
843,556174.271812
844,556815.547626
845,557453.545446
846,558088.251404
847,558719.651683
848,559347.73252
849,559972.480197
850,560593.881052
851,561211.921473
852,561826.587901
853,562437.866833
854,563045.744815
855,563650.208453
856,564251.244405
857,564848.839384
858,565442.980164
859,566033.653571
860,566620.846491
861,567204.54587
862,567784.738709
863,568361.412071
864,568934.55308
865,569504.148918
866,570070.186831
867,570632.654125
868,571191.538169
869,571746.826395
870,572298.506299
871,572846.565442
872,573390.991449
873,573931.77201
874,574468.894881
875,575002.347887
876,575532.118916
877,576058.195927
878,576580.566947
879,577099.220071
880,577614.143464
881,578125.325359
882,578632.754063
883,579136.417952
884,579636.305474
885,580132.40515
886,580624.705571
887,581113.195406
888,581597.863393
889,582078.698347
890,582555.689159
891,583028.824792
892,583498.094286
893,583963.486761
894,584424.991408
895,584882.597501
896,585336.294387
897,585786.071496
898,586231.918333
899,586673.824485
900,587111.779617
901,587545.773475
902,587975.795886
903,588401.836758
904,588823.886081
905,589241.933925
906,589655.970446
907,590065.985878
908,590471.970543
909,590873.914844
910,591271.809268
911,591665.644387
912,592055.410856
913,592441.099418
914,592822.700899
915,593200.206209
916,593573.606348
917,593942.892398
918,594308.05553
919,594669.087
920,595025.978151
921,595378.720411
922,595727.305298
923,596071.724414
924,596411.96945
925,596748.032182
926,597079.904474
927,597407.578276
928,597731.045626
929,598050.298645
930,598365.329543
931,598676.130614
932,598982.694238
933,599285.012879
934,599583.079084
935,599876.885485
936,600166.424794
937,600451.689805
938,600732.673391
939,601009.368505
940,601281.768174
941,601549.865502
942,601813.653664
943,602073.125906
944,602328.27554
945,602579.095942
946,602825.580549
947,603067.722853
948,603305.516396
949,603538.954766
950,603768.031589
951,603992.740522
952,604213.075244
953,604429.029447
954,604640.596822
955,604847.771047
956,605050.545773
957,605248.914602
958,605442.871066
959,605632.408603
960,605817.520529
961,605998.199995
962,606174.439952
963,606346.233096
964,606513.571809
965,606676.448082
966,606834.853428
967,606988.778768
968,607138.214301
969,607283.149328
970,607423.572044
971,607559.46927
972,607690.82611
973,607817.625511
974,607939.847677
975,608057.469318
976,608170.462543
977,608278.793698
978,608382.420096
979,608481.292527
980,608575.328078
981,608664.494278
982,608748.456049
983,608827.772695
984,608899.812798
985,608971.201099
986,609022.784505
987,609098.554076
988,609118.300368
989,609218.956709
990,609222.400954
991,609343.128209
992,609343.536803
993,609478.503272
994,609478.537828
995,609626.716023
996,609626.717918
997,609786.618571
998,609786.618631
999,609956.935869
1000,609956.93587
