# Problem: coffey_evans (Numerov+AC, paper eigenvalues-head run, dense eig full spectrum)
#   -y'' + q(x) y = lambda y,  y(a) = y(b) = 0
#   [a, b] = [-1.5707963267949, 1.5707963267949]
# Resolution N = 1000, dofs = 1000
# Computation time: 2.4324 s
n,lambda_n
1,-1.6120389712e-07
2,117.94630661
3,231.664925837
4,231.664928375
5,231.664928382
6,340.888291807
7,445.283078576
8,445.283165385
9,445.283244379
10,544.418361681
11,637.682223354
12,637.704343318
13,637.726476995
14,724.257639587
15,800.831274877
16,802.478770551
17,804.279268701
18,868.960183276
19,909.48102527
20,925.977285443
21,951.878765614
22,992.537255759
23,1032.30243915
24,1073.44998105
25,1118.14466801
26,1165.66796362
27,1215.55902569
28,1267.80865452
29,1322.38481364
30,1379.22794334
31,1438.29515564
32,1499.55511524
33,1562.9818577
34,1628.55372518
35,1696.25268485
36,1766.06356874
37,1837.97350172
38,1911.97147874
39,1988.0480346
40,2066.19498212
41,2146.40520303
42,2228.67247934
43,2312.99135598
44,2399.35702813
45,2487.76524807
46,2578.21224764
47,2670.69467338
48,2765.2095319
49,2861.75414358
50,2960.32610337
51,3060.9232471
52,3163.54362276
53,3268.1854657
54,3374.84717716
55,3483.52730572
56,3594.22453115
57,3706.93765025
58,3821.66556454
59,3938.40726943
60,4057.16184465
61,4177.92844585
62,4300.70629713
63,4425.49468449
64,4552.29294992
65,4681.10048623
66,4811.91673232
67,4944.74116908
68,5079.57331564
69,5216.41272602
70,5355.25898611
71,5496.11171101
72,5638.97054253
73,5783.83514702
74,5930.70521335
75,6079.58045115
76,6230.46058911
77,6383.34537352
78,6538.23456691
79,6695.12794683
80,6854.0253047
81,7014.92644479
82,7177.83118327
83,7342.73934739
84,7509.65077463
85,7678.56531202
86,7849.48281546
87,8022.4031491
88,8197.32618481
89,8374.25180161
90,8553.17988525
91,8734.11032771
92,8917.04302685
93,9101.97788599
94,9288.91481358
95,9477.85372287
96,9668.79453162
97,9861.73716181
98,10056.6815394
99,10253.627594
100,10452.5752589
101,10653.5244705
102,10856.4751685
103,11061.4272952
104,11268.380796
105,11477.3356187
106,11688.2917137
107,11901.2490335
108,12116.207533
109,12333.1671691
110,12552.1279005
111,12773.0896879
112,12996.0524938
113,13221.0162823
114,13447.981019
115,13676.946671
116,13907.9132069
117,14140.8805965
118,14375.8488111
119,14612.8178231
120,14851.7876058
121,15092.758134
122,15335.7293833
123,15580.7013303
124,15827.6739526
125,16076.6472286
126,16327.6211377
127,16580.5956599
128,16835.5707763
129,17092.5464684
130,17351.5227185
131,17612.4995098
132,17875.4768258
133,18140.4546507
134,18407.4329696
135,18676.4117677
136,18947.3910311
137,19220.3707461
138,19495.3508997
139,19772.3314794
140,20051.312473
141,20332.2938688
142,20615.2756555
143,20900.2578222
144,21187.2403583
145,21476.2232537
146,21767.2064987
147,22060.1900836
148,22355.1739994
149,22652.1582371
150,22951.1427882
151,23252.1276445
152,23555.1127979
153,23860.0982407
154,24167.0839653
155,24476.0699646
156,24787.0562315
157,25100.0427591
158,25415.0295409
159,25732.0165706
160,26051.0038419
161,26371.9913489
162,26694.9790856
163,27019.9670466
164,27346.9552264
165,27675.9436196
166,28006.9322212
167,28339.921026
168,28674.9100294
169,29011.8992267
170,29350.8886132
171,29691.8781845
172,30034.8679364
173,30379.8578647
174,30726.8479653
175,31075.8382344
176,31426.828668
177,31779.8192625
178,32134.8100142
179,32491.8009197
180,32850.7919756
181,33211.7831784
182,33574.7745251
183,33939.7660124
184,34306.7576373
185,34675.7493968
186,35046.741288
187,35419.7333082
188,35794.7254546
189,36171.7177244
190,36550.7101152
191,36931.7026243
192,37314.6952493
193,37699.6879879
194,38086.6808376
195,38475.6737962
196,38866.6668615
197,39259.6600313
198,39654.6533035
199,40051.646676
200,40450.6401468
201,40851.633714
202,41254.6273757
203,41659.62113
204,42066.614975
205,42475.6089091
206,42886.6029304
207,43299.5970374
208,43714.5912283
209,44131.5855015
210,44550.5798555
211,44971.5742887
212,45394.5687997
213,45819.5633869
214,46246.558049
215,46675.5527845
216,47106.5475922
217,47539.5424706
218,47974.5374184
219,48411.5324345
220,48850.5275175
221,49291.5226662
222,49734.5178795
223,50179.5131562
224,50626.5084951
225,51075.5038952
226,51526.4993553
227,51979.4948745
228,52434.4904515
229,52891.4860856
230,53350.4817756
231,53811.4775205
232,54274.4733195
233,54739.4691716
234,55206.4650759
235,55675.4610314
236,56146.4570374
237,56619.453093
238,57094.4491973
239,57571.4453495
240,58050.4415488
241,58531.4377944
242,59014.4340856
243,59499.4304216
244,59986.4268017
245,60475.4232251
246,60966.4196911
247,61459.4161991
248,61954.4127483
249,62451.4093381
250,62950.4059679
251,63451.402637
252,63954.3993447
253,64459.3960905
254,64966.3928737
255,65475.3896938
256,65986.3865502
257,66499.3834423
258,67014.3803695
259,67531.3773314
260,68050.3743273
261,68571.3713568
262,69094.3684193
263,69619.3655143
264,70146.3626413
265,70675.3597999
266,71206.3569895
267,71739.3542097
268,72274.3514601
269,72811.3487401
270,73350.3460493
271,73891.3433874
272,74434.3407538
273,74979.3381481
274,75526.33557
275,76075.333019
276,76626.3304948
277,77179.3279969
278,77734.3255249
279,78291.3230786
280,78850.3206574
281,79411.3182611
282,79974.3158892
283,80539.3135415
284,81106.3112176
285,81675.3089172
286,82246.3066399
287,82819.3043853
288,83394.3021533
289,83971.2999434
290,84550.2977553
291,85131.2955888
292,85714.2934435
293,86299.2913192
294,86886.2892155
295,87475.2871322
296,88066.285069
297,88659.2830256
298,89254.2810018
299,89851.2789972
300,90450.2770116
301,91051.2750448
302,91654.2730965
303,92259.2711665
304,92866.2692544
305,93475.2673602
306,94086.2654834
307,94699.263624
308,95314.2617816
309,95931.259956
310,96550.2581471
311,97171.2563546
312,97794.2545782
313,98419.2528178
314,99046.2510732
315,99675.2493441
316,100306.24763
317,100939.245932
318,101574.244248
319,102211.242579
320,102850.240925
321,103491.239285
322,104134.23766
323,104779.236048
324,105426.23445
325,106075.232866
326,106726.231295
327,107379.229738
328,108034.228194
329,108691.226662
330,109350.225144
331,110011.223638
332,110674.222145
333,111339.220664
334,112006.219196
335,112675.217739
336,113346.216294
337,114019.214861
338,114694.21344
339,115371.21203
340,116050.210631
341,116731.209244
342,117414.207867
343,118099.206502
344,118786.205147
345,119475.203803
346,120166.202469
347,120859.201146
348,121554.199833
349,122251.19853
350,122950.197238
351,123651.195955
352,124354.194682
353,125059.193418
354,125766.192164
355,126475.19092
356,127186.189685
357,127899.188459
358,128614.187242
359,129331.186034
360,130050.184835
361,130771.183644
362,131494.182463
363,132219.18129
364,132946.180125
365,133675.178969
366,134406.177821
367,135139.176681
368,135874.175549
369,136611.174426
370,137350.17331
371,138091.172202
372,138834.171101
373,139579.170009
374,140326.168924
375,141075.167846
376,141826.166775
377,142579.165712
378,143334.164656
379,144091.163607
380,144850.162565
381,145611.16153
382,146374.160502
383,147139.159481
384,147906.158466
385,148675.157458
386,149446.156457
387,150219.155462
388,150994.154473
389,151771.153491
390,152550.152515
391,153331.151545
392,154114.150581
393,154899.149624
394,155686.148672
395,156475.147726
396,157266.146786
397,158059.145852
398,158854.144923
399,159651.144
400,160450.143083
401,161251.142171
402,162054.141264
403,162859.140363
404,163666.139468
405,164475.138577
406,165286.137692
407,166099.136811
408,166914.135936
409,167731.135066
410,168550.134201
411,169371.133341
412,170194.132485
413,171019.131635
414,171846.130789
415,172675.129948
416,173506.129111
417,174339.128279
418,175174.127451
419,176011.126628
420,176850.12581
421,177691.124995
422,178534.124185
423,179379.12338
424,180226.122578
425,181075.121781
426,181926.120987
427,182779.120198
428,183634.119413
429,184491.118632
430,185350.117855
431,186211.117081
432,187074.116312
433,187939.115546
434,188806.114784
435,189675.114025
436,190546.11327
437,191419.112519
438,192294.111772
439,193171.111028
440,194050.110287
441,194931.10955
442,195814.108816
443,196699.108086
444,197586.107359
445,198475.106635
446,199366.105914
447,200259.105197
448,201154.104482
449,202051.103771
450,202950.103063
451,203851.102358
452,204754.101656
453,205659.100957
454,206566.10026
455,207475.099567
456,208386.098876
457,209299.098189
458,210214.097504
459,211131.096821
460,212050.096142
461,212971.095465
462,213894.094791
463,214819.094119
464,215746.09345
465,216675.092783
466,217606.092119
467,218539.091458
468,219474.090798
469,220411.090141
470,221350.089487
471,222291.088835
472,223234.088185
473,224179.087537
474,225126.086891
475,226075.086248
476,227026.085607
477,227979.084968
478,228934.084331
479,229891.083696
480,230850.083063
481,231811.082432
482,232774.081804
483,233739.081177
484,234706.080551
485,235675.079928
486,236646.079307
487,237619.078687
488,238594.07807
489,239571.077454
490,240550.076839
491,241531.076227
492,242514.075616
493,243499.075006
494,244486.074399
495,245475.073792
496,246466.073188
497,247459.072585
498,248454.071983
499,249451.071383
500,250450.070784
501,251451.070187
502,252454.069591
503,253459.068996
504,254466.068403
505,255475.067811
506,256486.06722
507,257499.066631
508,258514.066043
509,259531.065456
510,260550.06487
511,261571.064285
512,262594.063701
513,263619.063118
514,264646.062537
515,265675.061956
516,266706.061377
517,267739.060798
518,268774.06022
519,269811.059644
520,270850.059068
521,271891.058493
522,272934.057918
523,273979.057345
524,275026.056772
525,276075.0562
526,277126.055629
527,278179.055059
528,279234.054489
529,280291.05392
530,281350.053351
531,282411.052783
532,283474.052216
533,284539.051649
534,285606.051083
535,286675.050517
536,287746.049952
537,288819.049387
538,289894.048822
539,290971.048258
540,292050.047694
541,293131.047131
542,294214.046568
543,295299.046005
544,296386.045442
545,297475.04488
546,298566.044318
547,299659.043756
548,300754.043194
549,301851.042632
550,302950.04207
551,304051.041509
552,305154.040947
553,306259.040386
554,307366.039824
555,308475.039262
556,309586.038701
557,310699.038139
558,311814.037577
559,312931.037015
560,314050.036453
561,315171.03589
562,316294.035328
563,317419.034765
564,318546.034202
565,319675.033638
566,320806.033074
567,321939.03251
568,323074.031945
569,324211.03138
570,325350.030815
571,326491.030249
572,327634.029682
573,328779.029115
574,329926.028547
575,331075.027979
576,332226.02741
577,333379.026841
578,334534.026271
579,335691.0257
580,336850.025128
581,338011.024556
582,339174.023982
583,340339.023408
584,341506.022833
585,342675.022258
586,343846.021681
587,345019.021103
588,346194.020524
589,347371.019945
590,348550.019364
591,349731.018782
592,350914.018199
593,352099.017615
594,353286.01703
595,354475.016443
596,355666.015855
597,356859.015266
598,358054.014676
599,359251.014084
600,360450.013491
601,361651.012897
602,362854.012301
603,364059.011703
604,365266.011105
605,366475.010504
606,367686.009902
607,368899.009298
608,370114.008693
609,371331.008086
610,372550.007477
611,373771.006867
612,374994.006254
613,376219.00564
614,377446.005024
615,378675.004406
616,379906.003786
617,381139.003164
618,382374.00254
619,383611.001914
620,384850.001286
621,386091.000656
622,387334.000024
623,388578.999389
624,389825.998752
625,391074.998112
626,392325.997471
627,393578.996827
628,394833.99618
629,396090.995531
630,397349.99488
631,398610.994225
632,399873.993569
633,401138.992909
634,402405.992247
635,403674.991582
636,404945.990914
637,406218.990244
638,407493.98957
639,408770.988894
640,410049.988214
641,411330.987532
642,412613.986846
643,413898.986157
644,415185.985465
645,416474.98477
646,417765.984071
647,419058.983369
648,420353.982664
649,421650.981955
650,422949.981243
651,424250.980527
652,425553.979807
653,426858.979084
654,428165.978357
655,429474.977626
656,430785.976891
657,432098.976152
658,433413.975409
659,434730.974662
660,436049.973911
661,437370.973156
662,438693.972397
663,440018.971633
664,441345.970865
665,442674.970092
666,444005.969315
667,445338.968534
668,446673.967747
669,448010.966956
670,449349.96616
671,450690.965359
672,452033.964554
673,453378.963743
674,454725.962927
675,456074.962106
676,457425.96128
677,458778.960448
678,460133.959611
679,461490.958768
680,462849.95792
681,464210.957066
682,465573.956207
683,466938.955341
684,468305.95447
685,469674.953593
686,471045.952709
687,472418.951819
688,473793.950923
689,475170.950021
690,476549.949112
691,477930.948197
692,479313.947275
693,480698.946346
694,482085.94541
695,483474.944467
696,484865.943518
697,486258.942561
698,487653.941596
699,489050.940624
700,490449.939645
701,491850.938658
702,493253.937664
703,494658.936661
704,496065.935651
705,497474.934632
706,498885.933605
707,500298.93257
708,501713.931526
709,503130.930474
710,504549.929413
711,505970.928343
712,507393.927264
713,508818.926176
714,510245.925078
715,511674.923971
716,513105.922855
717,514538.921729
718,515973.920592
719,517410.919446
720,518849.91829
721,520290.917123
722,521733.915946
723,523178.914758
724,524625.913559
725,526074.91235
726,527525.911129
727,528978.909897
728,530433.908653
729,531890.907397
730,533349.90613
731,534810.90485
732,536273.903558
733,537738.902254
734,539205.900937
735,540674.899607
736,542145.898264
737,543618.896908
738,545093.895538
739,546570.894154
740,548049.892757
741,549530.891345
742,551013.889919
743,552498.888478
744,553985.887022
745,555474.885551
746,556965.884065
747,558458.882563
748,559953.881045
749,561450.879511
750,562949.877961
751,564450.876394
752,565953.87481
753,567458.873208
754,568965.871589
755,570474.869952
756,571985.868297
757,573498.866624
758,575013.864931
759,576530.86322
760,578049.861489
761,579570.859738
762,581093.857967
763,582618.856175
764,584145.854363
765,585674.85253
766,587205.850675
767,588738.848797
768,590273.846898
769,591810.844976
770,593349.84303
771,594890.841061
772,596433.839068
773,597978.837051
774,599525.835009
775,601074.832941
776,602625.830848
777,604178.828728
778,605733.826581
779,607290.824408
780,608849.822206
781,610410.819976
782,611973.817718
783,613538.81543
784,615105.813112
785,616674.810764
786,618245.808384
787,619818.805973
788,621393.80353
789,622970.801054
790,624549.798544
791,626130.796
792,627713.793422
793,629298.790807
794,630885.788157
795,632474.78547
796,634065.782745
797,635658.779981
798,637253.777179
799,638850.774336
800,640449.771453
801,642050.768528
802,643653.765561
803,645258.76255
804,646865.759495
805,648474.756395
806,650085.753249
807,651698.750055
808,653313.746814
809,654930.743524
810,656549.740183
811,658170.736792
812,659793.733348
813,661418.729851
814,663045.726299
815,664674.722691
816,666305.719027
817,667938.715304
818,669573.711522
819,671210.707679
820,672849.703773
821,674490.699805
822,676133.695771
823,677778.69167
824,679425.687502
825,681074.683264
826,682725.678955
827,684378.674573
828,686033.670116
829,687690.665584
830,689349.660973
831,691010.656282
832,692673.651509
833,694338.646652
834,696005.64171
835,697674.63668
836,699345.631559
837,701018.626346
838,702693.621039
839,704370.615635
840,706049.610131
841,707730.604525
842,709413.598815
843,711098.592998
844,712785.587071
845,714474.581031
846,716165.574875
847,717858.568601
848,719553.562205
849,721250.555683
850,722949.549034
851,724650.542252
852,726353.535336
853,728058.52828
854,729765.521081
855,731474.513735
856,733185.506238
857,734898.498586
858,736613.490775
859,738330.4828
860,740049.474655
861,741770.466338
862,743493.457841
863,745218.449161
864,746945.440292
865,748674.431227
866,750405.421962
867,752138.41249
868,753873.402806
869,755610.392902
870,757349.382771
871,759090.372408
872,760833.361804
873,762578.350952
874,764325.339844
875,766074.328472
876,767825.316827
877,769578.304901
878,771333.292684
879,773090.280167
880,774849.26734
881,776610.254192
882,778373.240713
883,780138.226891
884,781905.212714
885,783674.198171
886,785445.183247
887,787218.167931
888,788993.152207
889,790770.136062
890,792549.119479
891,794330.102444
892,796113.084938
893,797898.066946
894,799685.048447
895,801474.029424
896,803265.009855
897,805057.989721
898,806852.968998
899,808649.947664
900,810448.925694
901,812249.903062
902,814052.879742
903,815857.855705
904,817664.830922
905,819473.805361
906,821284.778989
907,823097.751772
908,824912.723672
909,826729.694652
910,828548.66467
911,830369.633683
912,832192.601646
913,834017.568511
914,835844.534226
915,837673.498739
916,839504.461991
917,841337.423923
918,843172.38447
919,845009.343564
920,846848.301133
921,848689.257099
922,850532.211381
923,852377.163892
924,854224.114539
925,856073.063223
926,857924.009837
927,859776.95427
928,861631.896401
929,863488.8361
930,865347.773228
931,867208.707638
932,869071.639171
933,870936.567654
934,872803.492904
935,874672.414723
936,876543.332897
937,878416.247196
938,880291.157371
939,882168.063151
940,884046.964246
941,885927.860339
942,887810.751086
943,889695.636113
944,891582.515012
945,893471.387341
946,895362.252614
947,897255.110299
948,899149.959814
949,901046.800522
950,902945.631718
951,904846.452628
952,906749.262397
953,908654.060077
954,910560.84462
955,912469.614857
956,914380.36949
957,916293.107066
958,918207.82596
959,920124.524347
960,922043.200172
961,923963.851114
962,925886.474543
963,927811.06747
964,929737.626483
965,931666.147677
966,933596.626559
967,935529.057938
968,937463.435794
969,939399.753102
970,941338.001623
971,943278.171636
972,945220.251598
973,947164.227695
974,949110.08327
975,951057.798054
976,953007.347077
977,954958.699493
978,956911.815313
979,958866.64792
980,960823.116881
981,962781.192098
982,964740.540757
983,966701.724313
984,968662.113392
985,970628.334669
986,972581.236875
987,974564.812783
988,976498.854554
989,978520.297008
990,980451.019385
991,982505.518061
992,984446.19253
993,986527.920378
994,988481.212759
995,990589.146054
996,992555.401047
997,994688.053404
998,996667.304273
999,998823.371811
1000,1000815.62188
