# Problem: coffey_evans (CDM, paper eigenvalues-head run, dense eig full spectrum)
#   -y'' + q(x) y = lambda y,  y(a) = y(b) = 0
#   [a, b] = [-1.5707963267949, 1.5707963267949]
# Resolution N = 1000, dofs = 1000
# Computation time: 0.1880 s
n,lambda_n
1,0
2,117.946307662
3,231.664929237
4,231.664929313
5,231.664929389
6,340.88829981
7,445.283089582
8,445.283172307
9,445.283255031
10,544.418385149
11,637.682249874
12,637.704362342
13,637.726502319
14,724.25768135
15,800.831312182
16,802.478798693
17,804.279305169
18,868.960222871
19,909.481046507
20,925.977309835
21,951.878806797
22,992.537296731
23,1032.30248264
24,1073.45003144
25,1118.1447242
26,1165.66802471
27,1215.559092
28,1267.80872632
29,1322.38489103
30,1379.22802645
31,1438.29524464
32,1499.55521029
33,1562.98195898
34,1628.55383286
35,1696.2527991
36,1766.06368975
37,1837.97362967
38,1911.9716138
39,1988.04817696
40,2066.19513196
41,2146.40536054
42,2228.6726447
43,2312.99152938
44,2399.35720975
45,2487.76543809
46,2578.21244626
47,2670.69488079
48,2765.20974827
49,2861.75436912
50,2960.32633825
51,3060.92349151
52,3163.5438769
53,3268.18572975
54,3374.84745131
55,3483.52759016
56,3594.22482607
57,3706.93795583
58,3821.66588099
59,3938.40759693
60,4057.16218339
61,4177.92879601
62,4300.70665891
63,4425.49505808
64,4552.29333552
65,4681.10088401
66,4811.91714249
67,4944.74159182
68,5079.57375115
69,5216.41317448
70,5355.25944773
71,5496.11218597
72,5638.97103102
73,5783.83564923
74,5930.70572949
75,6079.58098139
76,6230.46113365
77,6383.34593256
78,6538.23514064
79,6695.12853545
80,6854.02590839
81,7014.92706375
82,7177.8318177
83,7342.73999747
84,7509.65144057
85,7678.565994
86,7849.48351368
87,8022.40386376
88,8197.3269161
89,8374.25254973
90,8553.18065039
91,8734.11111007
92,8917.04382662
93,9101.97870337
94,9288.91564877
95,9477.85457606
96,9668.79540301
97,9861.73805159
98,10056.6824478
99,10253.6285212
100,10452.5762051
101,10653.5254359
102,10856.4761532
103,11061.4282995
104,11268.3818201
105,11477.3366628
106,11688.2927779
107,11901.2501182
108,12116.2086382
109,12333.168295
110,12552.1290474
111,12773.090856
112,12996.0536833
113,13221.0174933
114,13447.9822518
115,13676.9479258
116,13907.9144838
117,14140.8818959
118,14375.8501331
119,14612.8191678
120,14851.7889735
121,15092.7595249
122,15335.7307976
123,15580.7027682
124,15827.6754142
125,16076.6487143
126,16327.6226475
127,16580.5971942
128,16835.5723352
129,17092.5480521
130,17351.5243273
131,17612.5011437
132,17875.4784852
133,18140.4563358
134,18407.4346805
135,18676.4135047
136,18947.3927943
137,19220.3725358
138,19495.3527161
139,19772.3333227
140,20051.3143433
141,20332.2957664
142,20615.2775806
143,20900.259775
144,21187.2423391
145,21476.2252627
146,21767.2085359
147,22060.1921494
148,22355.1760939
149,22652.1603607
150,22951.144941
151,23252.1298267
152,23555.1150097
153,23860.1004823
154,24167.086237
155,24476.0722665
156,24787.0585638
157,25100.0451222
158,25415.0319349
159,25732.0189957
160,26051.0062983
161,26371.9938368
162,26694.9816054
163,27019.9695984
164,27346.9578103
165,27675.9462359
166,28006.9348701
167,28339.9237079
168,28674.9127443
169,29011.9019748
170,29350.8913948
171,29691.8809999
172,30034.8707858
173,30379.8607482
174,30726.8508833
175,31075.8411869
176,31426.8316554
177,31779.8222849
178,32134.8130719
179,32491.804013
180,32850.7951045
181,33211.7863433
182,33574.7777262
183,33939.7692499
184,34306.7609114
185,34675.7527078
186,35046.7446361
187,35419.7366936
188,35794.7288775
189,36171.7211851
190,36550.7136139
191,36931.7061612
192,37314.6988247
193,37699.691602
194,38086.6844906
195,38475.6774884
196,38866.6705931
197,39259.6638025
198,39654.6571145
199,40051.6505271
200,40450.6440383
201,40851.6376461
202,41254.6313485
203,41659.6251438
204,42066.6190301
205,42475.6130057
206,42886.6070688
207,43299.6012177
208,43714.5954508
209,44131.5897665
210,44550.5841632
211,44971.5786394
212,45394.5731935
213,45819.5678242
214,46246.56253
215,46675.5573094
216,47106.5521612
217,47539.547084
218,47974.5420766
219,48411.5371375
220,48850.5322657
221,49291.5274598
222,49734.5227187
223,50179.5180413
224,50626.5134264
225,51075.5088728
226,51526.5043796
227,51979.4999456
228,52434.4955699
229,52891.4912513
230,53350.4869889
231,53811.4827818
232,54274.478629
233,54739.4745295
234,55206.4704824
235,55675.4664869
236,56146.4625421
237,56619.4586471
238,57094.4548012
239,57571.4510033
240,58050.4472529
241,58531.443549
242,59014.439891
243,59499.436278
244,59986.4327094
245,60475.4291844
246,60966.4257022
247,61459.4222623
248,61954.4188639
249,62451.4155064
250,62950.412189
251,63451.4089113
252,63954.4056724
253,64459.402472
254,64966.3993092
255,65475.3961836
256,65986.3930945
257,66499.3900414
258,67014.3870238
259,67531.384041
260,68050.3810926
261,68571.378178
262,69094.3752967
263,69619.3724482
264,70146.369632
265,70675.3668477
266,71206.3640947
267,71739.3613725
268,72274.3586808
269,72811.356019
270,73350.3533868
271,73891.3507836
272,74434.3482091
273,74979.3456629
274,75526.3431445
275,76075.3406534
276,76626.3381895
277,77179.3357521
278,77734.333341
279,78291.3309558
280,78850.3285961
281,79411.3262615
282,79974.3239518
283,80539.3216665
284,81106.3194052
285,81675.3171678
286,82246.3149537
287,82819.3127628
288,83394.3105946
289,83971.308449
290,84550.3063254
291,85131.3042237
292,85714.3021436
293,86299.3000848
294,86886.2980469
295,87475.2960297
296,88066.2940329
297,88659.2920563
298,89254.2900995
299,89851.2881623
300,90450.2862444
301,91051.2843457
302,91654.2824657
303,92259.2806044
304,92866.2787614
305,93475.2769365
306,94086.2751294
307,94699.27334
308,95314.2715679
309,95931.2698131
310,96550.2680752
311,97171.2663541
312,97794.2646494
313,98419.2629611
314,99046.2612889
315,99675.2596326
316,100306.257992
317,100939.256367
318,101574.254757
319,102211.253162
320,102850.251583
321,103491.250018
322,104134.248467
323,104779.246931
324,105426.245409
325,106075.243901
326,106726.242407
327,107379.240927
328,108034.23946
329,108691.238007
330,109350.236566
331,110011.235139
332,110674.233725
333,111339.232323
334,112006.230934
335,112675.229557
336,113346.228193
337,114019.226841
338,114694.225501
339,115371.224172
340,116050.222856
341,116731.22155
342,117414.220257
343,118099.218974
344,118786.217703
345,119475.216443
346,120166.215194
347,120859.213955
348,121554.212727
349,122251.21151
350,122950.210303
351,123651.209106
352,124354.20792
353,125059.206744
354,125766.205577
355,126475.204421
356,127186.203274
357,127899.202137
358,128614.201009
359,129331.199891
360,130050.198782
361,130771.197682
362,131494.196592
363,132219.19551
364,132946.194437
365,133675.193373
366,134406.192318
367,135139.191271
368,135874.190233
369,136611.189204
370,137350.188182
371,138091.187169
372,138834.186164
373,139579.185167
374,140326.184179
375,141075.183198
376,141826.182224
377,142579.181259
378,143334.180301
379,144091.179351
380,144850.178408
381,145611.177473
382,146374.176545
383,147139.175624
384,147906.174711
385,148675.173805
386,149446.172905
387,150219.172013
388,150994.171127
389,151771.170249
390,152550.169377
391,153331.168511
392,154114.167653
393,154899.166801
394,155686.165955
395,156475.165116
396,157266.164283
397,158059.163456
398,158854.162636
399,159651.161822
400,160450.161014
401,161251.160212
402,162054.159416
403,162859.158625
404,163666.157841
405,164475.157063
406,165286.15629
407,166099.155523
408,166914.154761
409,167731.154006
410,168550.153255
411,169371.15251
412,170194.151771
413,171019.151037
414,171846.150308
415,172675.149585
416,173506.148866
417,174339.148153
418,175174.147445
419,176011.146742
420,176850.146044
421,177691.145351
422,178534.144663
423,179379.14398
424,180226.143302
425,181075.142628
426,181926.141959
427,182779.141295
428,183634.140636
429,184491.139981
430,185350.139331
431,186211.138685
432,187074.138044
433,187939.137407
434,188806.136774
435,189675.136146
436,190546.135522
437,191419.134903
438,192294.134287
439,193171.133676
440,194050.133069
441,194931.132467
442,195814.131868
443,196699.131273
444,197586.130683
445,198475.130096
446,199366.129513
447,200259.128934
448,201154.128359
449,202051.127788
450,202950.127221
451,203851.126658
452,204754.126098
453,205659.125542
454,206566.124989
455,207475.12444
456,208386.123895
457,209299.123354
458,210214.122816
459,211131.122281
460,212050.12175
461,212971.121222
462,213894.120698
463,214819.120177
464,215746.11966
465,216675.119146
466,217606.118635
467,218539.118127
468,219474.117623
469,220411.117122
470,221350.116624
471,222291.116129
472,223234.115638
473,224179.11515
474,225126.114664
475,226075.114182
476,227026.113703
477,227979.113226
478,228934.112753
479,229891.112283
480,230850.111815
481,231811.111351
482,232774.11089
483,233739.110431
484,234706.109975
485,235675.109522
486,236646.109072
487,237619.108624
488,238594.108179
489,239571.107738
490,240550.107298
491,241531.106862
492,242514.106428
493,243499.105996
494,244486.105568
495,245475.105142
496,246466.104718
497,247459.104297
498,248454.103879
499,249451.103463
500,250450.103049
501,251451.102638
502,252454.10223
503,253459.101824
504,254466.10142
505,255475.101019
506,256486.10062
507,257499.100223
508,258514.099829
509,259531.099437
510,260550.099048
511,261571.09866
512,262594.098275
513,263619.097893
514,264646.097512
515,265675.097134
516,266706.096758
517,267739.096384
518,268774.096012
519,269811.095642
520,270850.095275
521,271891.094909
522,272934.094546
523,273979.094185
524,275026.093826
525,276075.093469
526,277126.093114
527,278179.092761
528,279234.09241
529,280291.092061
530,281350.091714
531,282411.091368
532,283474.091025
533,284539.090684
534,285606.090345
535,286675.090007
536,287746.089672
537,288819.089338
538,289894.089006
539,290971.088676
540,292050.088348
541,293131.088022
542,294214.087697
543,295299.087375
544,296386.087054
545,297475.086735
546,298566.086417
547,299659.086101
548,300754.085788
549,301851.085475
550,302950.085165
551,304051.084856
552,305154.084549
553,306259.084243
554,307366.083939
555,308475.083637
556,309586.083337
557,310699.083038
558,311814.08274
559,312931.082445
560,314050.08215
561,315171.081858
562,316294.081567
563,317419.081277
564,318546.080989
565,319675.080703
566,320806.080418
567,321939.080134
568,323074.079853
569,324211.079572
570,325350.079293
571,326491.079016
572,327634.07874
573,328779.078465
574,329926.078192
575,331075.07792
576,332226.07765
577,333379.077381
578,334534.077113
579,335691.076847
580,336850.076583
581,338011.076319
582,339174.076057
583,340339.075796
584,341506.075537
585,342675.075279
586,343846.075022
587,345019.074767
588,346194.074513
589,347371.07426
590,348550.074009
591,349731.073758
592,350914.073509
593,352099.073262
594,353286.073015
595,354475.07277
596,355666.072526
597,356859.072283
598,358054.072042
599,359251.071801
600,360450.071562
601,361651.071324
602,362854.071087
603,364059.070852
604,365266.070618
605,366475.070384
606,367686.07015
607,368899.069923
608,370114.06969
609,371331.069472
610,372550.069195
611,373771.069086
612,374994.06862
613,376219.06898
614,377446.067207
615,378675.070494
616,379906.062354
617,381139.079532
618,382374.039329
619,383611.122675
620,384849.942302
621,386091.301864
622,387333.545947
623,388579.977161
624,389824.103577
625,391078.247163
626,392319.279796
627,393589.025213
628,394812.898627
629,396118.713565
630,397290.963462
631,398678.714768
632,399731.943984
633,401284.772138
634,402130.698597
635,403953.5063
636,404548.696352
637,406698.013568
638,407082.943985
639,409526.074897
640,409773.442886
641,412440.786024
642,412605.926687
643,415442.650861
644,415558.935148
645,418530.872446
646,418616.7555
647,421704.538168
648,421770.865657
649,424962.703097
650,425015.590134
651,428304.888975
652,428348.424019
653,431730.72649
654,431767.247468
655,435240.349123
656,435271.724216
657,438833.919554
658,438861.149203
659,442512.067189
660,442536.163937
661,446275.36173
662,446296.774882
663,450124.816612
664,450144.178839
665,454061.315005
666,454078.818019
667,458086.179612
668,458102.267176
669,462200.547235
670,462215.277923
671,466406.003898
672,466419.718826
673,470703.903423
674,470716.586551
675,475096.068191
676,475108.000907
677,479584.047461
678,479595.168996
679,484169.885374
680,484180.440502
681,488855.314875
682,488865.214406
683,493642.59559
684,493652.060978
685,498533.639107
686,498542.562118
687,503530.920135
688,503539.506993
689,508636.528666
690,508644.657713
691,513853.158493
692,513861.025891
693,519183.081423
694,519190.555568
695,524629.217842
696,524636.488283
697,530194.027722
698,530200.955109
699,535880.668531
700,535887.4382
701,541691.797285
702,541698.263546
703,547630.821697
704,547637.167406
705,553700.606991
706,553706.681023
707,559904.826834
708,559910.810861
709,566246.568005
710,566252.306035
711,572729.788342
712,572735.461868
713,579357.811691
714,579363.260199
715,586134.900849
716,586140.306461
717,593064.634466
718,593069.832328
719,600151.603774
720,600156.777313
721,607399.662309
722,607404.642398
723,614813.756091
724,614818.728041
725,622398.036128
726,622402.826523
727,630157.832708
728,630162.629255
729,638097.61962
730,638102.244535
731,646223.144316
732,646227.788171
733,654539.231672
734,654543.712182
735,663052.082976
736,663056.594017
737,671766.905811
738,671771.26042
739,680690.396169
740,680694.791948
741,689828.179648
742,689832.424742
743,699187.492502
744,699191.788652
745,708774.417782
746,708778.567996
747,718596.782813
748,718600.993381
749,728661.172183
750,728665.240698
751,738976.061015
752,738980.19873
753,749548.584746
754,749552.583535
755,760387.929699
756,760392.006199
757,771501.837402
758,771505.777428
759,782900.276329
760,782904.302342
761,794591.656058
762,794595.54745
763,806586.806743
764,806590.792254
765,818894.875621
766,818898.727817
767,831527.643809
768,831531.598186
769,844495.074523
770,844498.896391
771,857810.000255
772,857813.932373
773,871483.288501
774,871487.088452
775,885528.936262
776,885532.854601
777,899958.815039
778,899962.601117
779,914788.214063
780,914792.126802
781,930030.12171
782,930033.901681
783,945701.263923
784,945705.179024
785,961815.873962
786,961819.655388
787,978392.278282
788,978396.203563
789,995446.10053
790,995449.89084
791,1012997.45378
792,1013001.39699
793,1031063.51785
794,1031067.32441
795,1049666.4044
796,1049670.37327
797,1068825.03871
798,1068828.86888
799,1088563.77305
800,1088567.7754
801,1108903.49492
802,1108907.35612
803,1129871.07418
804,1129875.11794
805,1151489.60938
806,1151493.50916
807,1173788.80586
808,1173792.89916
809,1196794.25963
810,1196798.20572
811,1220538.87734
812,1220543.02857
813,1245051.0831
814,1245055.08347
815,1270367.40707
816,1270371.62496
817,1296519.48425
818,1296523.54721
819,1323547.95714
820,1323552.25083
821,1351488.11617
822,1351492.25038
823,1380385.28377
824,1380389.66287
825,1410278.92378
826,1410283.1384
827,1441219.69992
828,1441224.17466
829,1473251.85501
830,1473256.15972
831,1506432.16716
832,1506436.74843
833,1540810.36868
834,1540814.77382
835,1576450.25918
836,1576454.95864
837,1613407.89709
838,1613412.41376
839,1651755.17192
840,1651760.00217
841,1691555.4572
842,1691560.09733
843,1732889.99551
844,1732894.9702
845,1775830.64951
846,1775835.42604
847,1820469.51455
848,1820474.64854
849,1866888.34182
850,1866893.26885
851,1915191.86783
852,1915197.17737
853,1965473.40799
854,1965478.50092
855,2017852.48226
856,2017857.98522
857,2072435.9863
858,2072441.26208
859,2129360.80223
860,2129366.51834
861,2188749.84345
862,2188755.32078
863,2250760.47409
864,2250766.42523
865,2315534.58806
866,2315540.28767
867,2383253.82629
868,2383260.03684
869,2454082.68441
870,2454088.6294
871,2528231.72234
872,2528238.21957
873,2605892.48948
874,2605898.7057
875,2687310.17786
876,2687316.99243
877,2772708.89855
878,2772715.41506
879,2862375.55176
880,2862382.71831
881,2956573.66976
882,2956580.51938
883,3055640.68511
884,3055648.24293
885,3159888.15448
886,3159895.37447
887,3269715.12697
888,3269723.1209
889,3385492.05548
890,3385499.68833
891,3507693.63686
892,3507702.11828
893,3636763.06992
894,3636771.16437
895,3773268.60898
896,3773277.63715
897,3917743.99486
898,3917752.60711
899,4070874.10383
900,4070883.74746
901,4233306.29864
902,4233315.4939
903,4405872.06611
904,4405882.40536
905,4589362.62373
906,4589372.47809
907,4784795.46475
908,4784806.59375
909,4993145.69334
910,4993156.29625
911,5215669.1448
912,5215681.17491
913,5453578.44015
914,5453589.89746
915,5708438.13025
916,5708451.19418
917,5981771.11919
918,5981783.55717
919,6275546.56016
920,6275560.81742
921,6591697.7491
922,6591711.31967
923,6932730.99243
924,6932746.63645
925,7301129.81196
926,7301144.69958
927,7700123.83236
928,7700141.10008
929,8132945.41836
930,8132961.84928
931,8603813.5962
932,8603832.78107
933,9116996.95146
934,9117015.20637
935,9678091.67983
936,9678113.14972
937,10292827.0353
938,10292847.4668
939,10968753.861
940,10968778.0835
941,11713703.5706
942,11713726.6278
943,12538062.8337
944,12538090.412
945,13452760.2127
946,13452786.477
947,14472400.3099
948,14472432.0365
949,15612598.23
950,15612628.4673
951,16894413.3984
952,16894450.3346
953,18340773.4208
954,18340808.6619
955,19982946.0365
956,19982989.6377
957,21855682.521
958,21855724.1866
959,24007027.7212
960,24007080.0378
961,26491668.6594
962,26491718.7638
963,29386507.3013
964,29386571.3159
965,32781567.0621
966,32781628.5606
967,36806181.0677
968,36806261.2917
969,41616927.4261
970,41617004.8369
971,47445031.7891
972,47445135.3818
973,54582236.8832
974,54582337.4794
975,63475268.3744
976,63475407.4082
977,74718075.4622
978,74718211.7494
979,89266080.9154
980,89266277.432
981,108480545.547
982,108480740.997
983,134710234.694
984,134710533.557
985,171641181.541
986,171641485.962
987,226347899.879
988,226348408.083
989,311688445.173
990,311688985.737
991,457187381.113
992,457188428.076
993,732171998.022
994,732173220.462
995,1366358042.23
996,1366361295.31
997,3341502621.04
998,3341507697.12
999,19273012187.4
1000,19273065420.3
