# Problem: coffey_evans (FD, paper eigenvalues-head run, dense eig full spectrum)
#   -y'' + q(x) y = lambda y,  y(a) = y(b) = 0
#   [a, b] = [-1.5707963267949, 1.5707963267949]
# Resolution N = 1000, dofs = 1000
# Computation time: 0.0131 s
n,lambda_n
1,-0.00216789032245
2,117.935970681
3,231.639538259
4,231.655353549
5,231.655353549
6,340.842583475
7,445.213600438
8,445.241443739
9,445.241443985
10,544.323373114
11,637.574040403
12,637.619948376
13,637.630567658
14,724.117049201
15,800.702808769
16,802.36268157
17,804.138487929
18,868.816030824
19,909.370877248
20,925.837245572
21,951.678058933
22,992.316404516
23,1032.04667868
24,1073.14465949
25,1117.78806502
26,1165.25643236
27,1215.08557395
28,1267.26605894
29,1321.76560032
30,1378.5239744
31,1437.49764807
32,1498.65467429
33,1561.96845821
34,1627.4166915
35,1694.98067425
36,1764.64455394
37,1836.39475262
38,1910.21954385
39,1986.10872223
40,2064.05334143
41,2144.04550496
42,2226.07819739
43,2310.14514701
44,2396.24071304
45,2484.35979248
46,2574.49774255
47,2666.65031577
48,2760.81360533
49,2856.98399885
50,2955.15813905
51,3055.33289016
52,3157.50530917
53,3261.672621
54,3367.83219708
55,3475.98153678
56,3586.11825125
57,3698.24004932
58,3812.34472515
59,3928.43014741
60,4046.49424973
61,4166.53502234
62,4288.55050455
63,4412.53877826
64,4538.49796203
65,4666.42620592
66,4796.32168681
67,4928.18260426
68,5062.00717681
69,5197.79363863
70,5335.54023652
71,5475.24522722
72,5616.90687498
73,5760.5234494
74,5906.09322337
75,6053.61447136
76,6203.08546775
77,6354.50448536
78,6507.86979411
79,6663.17965981
80,6820.43234301
81,6979.62609806
82,7140.75917209
83,7303.82980425
84,7468.83622489
85,7635.77665486
86,7804.64930486
87,7975.45237484
88,8148.18405349
89,8322.84251769
90,8499.42593206
91,8677.93244855
92,8858.36020606
93,9040.70733005
94,9224.97193222
95,9411.15211021
96,9599.24594731
97,9789.25151223
98,9981.1668588
99,10174.9900258
100,10370.7190368
101,10568.3518997
102,10767.8866071
103,10969.3211355
104,11172.6534456
105,11377.881482
106,11585.0031731
107,11794.016431
108,12004.9191513
109,12217.709213
110,12432.3844787
111,12648.9427941
112,12867.3819882
113,13087.699873
114,13309.8942439
115,13533.9628789
116,13759.9035393
117,13987.7139691
118,14217.3918952
119,14448.9350274
120,14682.3410582
121,14917.607663
122,15154.7324997
123,15393.713209
124,15634.5474142
125,15877.2327215
126,16121.7667193
127,16368.146979
128,16616.3710544
129,16866.4364818
130,17118.3407803
131,17372.0814515
132,17627.6559793
133,17885.0618306
134,18144.2964544
135,18405.3572827
136,18668.2417296
137,18932.9471921
138,19199.4710495
139,19467.810664
140,19737.96338
141,20009.9265246
142,20283.6974076
143,20559.2733213
144,20836.6515406
145,21115.8293229
146,21396.8039086
147,21679.5725202
148,21964.1323633
149,22250.4806259
150,22538.6144789
151,22828.5310758
152,23120.2275526
153,23413.7010283
154,23708.9486047
155,24005.9673662
156,24304.7543799
157,24605.306696
158,24907.6213473
159,25211.6953495
160,25517.5257013
161,25825.1093841
162,26134.4433623
163,26445.5245833
164,26758.3499773
165,27072.9164577
166,27389.2209208
167,27707.2602459
168,28027.0312955
169,28348.5309149
170,28671.7559329
171,28996.7031611
172,29323.3693945
173,29651.7514112
174,29981.8459725
175,30313.649823
176,30647.1596905
177,30982.3722862
178,31319.2843046
179,31657.8924235
180,31998.1933041
181,32340.1835912
182,32683.8599129
183,33029.2188807
184,33376.2570898
185,33724.9711188
186,34075.35753
187,34427.4128692
188,34781.1336658
189,35136.5164331
190,35493.5576678
191,35852.2538506
192,36212.6014457
193,36574.5969014
194,36938.2366495
195,37303.517106
196,37670.4346706
197,38038.9857268
198,38409.1666425
199,38780.9737692
200,39154.4034425
201,39529.4519823
202,39906.1156923
203,40284.3908605
204,40664.2737591
205,41045.7606445
206,41428.8477572
207,41813.5313222
208,42199.8075486
209,42587.67263
210,42977.1227443
211,43368.154054
212,43760.7627058
213,44154.9448311
214,44550.6965457
215,44948.0139502
216,45346.8931295
217,45747.3301533
218,46149.3210761
219,46552.8619369
220,46957.9487597
221,47364.577553
222,47772.7443105
223,48182.4450105
224,48593.6756163
225,49006.4320761
226,49420.7103234
227,49836.5062763
228,50253.8158382
229,50672.6348977
230,51092.9593283
231,51514.7849889
232,51938.1077235
233,52362.9233616
234,52789.2277177
235,53217.016592
236,53646.2857697
237,54077.0310218
238,54509.2481045
239,54942.9327598
240,55378.0807151
241,55814.6876833
242,56252.7493631
243,56692.261439
244,57133.2195809
245,57575.6194447
246,58019.456672
247,58464.7268905
248,58911.4257135
249,59359.5487404
250,59809.0915565
251,60260.0497332
252,60712.418828
253,61166.1943845
254,61621.3719323
255,62077.9469874
256,62535.9150519
257,62995.2716144
258,63456.0121496
259,63918.1321186
260,64381.6269692
261,64846.4921354
262,65312.7230377
263,65780.3150834
264,66249.2636661
265,66719.5641662
266,67191.2119508
267,67664.2023738
268,68138.5307757
269,68614.192484
270,69091.182813
271,69569.4970639
272,70049.130525
273,70530.0784715
274,71012.3361655
275,71495.8988566
276,71980.7617812
277,72466.9201632
278,72954.3692134
279,73443.1041301
280,73933.120099
281,74424.4122931
282,74916.9758729
283,75410.8059861
284,75905.8977684
285,76402.2463428
286,76899.8468199
287,77398.694298
288,77898.7838632
289,78400.1105894
290,78902.6695382
291,79406.4557591
292,79911.4642896
293,80417.690155
294,80925.1283689
295,81433.7739326
296,81943.6218358
297,82454.6670562
298,82966.9045598
299,83480.3293009
300,83994.9362219
301,84510.7202537
302,85027.6763158
303,85545.7993158
304,86065.08415
305,86585.5257032
306,87107.118849
307,87629.8584494
308,88153.7393553
309,88678.7564062
310,89204.9044305
311,89732.1782455
312,90260.5726574
313,90790.0824613
314,91320.7024414
315,91852.4273709
316,92385.2520121
317,92919.1711166
318,93454.1794251
319,93990.2716677
320,94527.4425636
321,95065.6868216
322,95604.9991398
323,96145.3742059
324,96686.806697
325,97229.2912799
326,97772.8226111
327,98317.3953365
328,98863.004092
329,99409.6435033
330,99957.3081858
331,100505.992745
332,101055.691776
333,101606.399864
334,102158.111585
335,102710.821505
336,103264.524178
337,103819.214151
338,104374.885961
339,104931.534133
340,105489.153184
341,106047.737623
342,106607.281946
343,107167.780642
344,107729.22819
345,108291.619061
346,108854.947713
347,109419.208599
348,109984.39616
349,110550.504829
350,111117.52903
351,111685.463178
352,112254.301678
353,112824.038927
354,113394.669313
355,113966.187216
356,114538.587006
357,115111.863045
358,115686.009686
359,116261.021273
360,116836.892143
361,117413.616623
362,117991.189032
363,118569.603682
364,119148.854874
365,119728.936904
366,120309.844057
367,120891.570612
368,121474.110837
369,122057.458996
370,122641.609343
371,123226.556122
372,123812.293573
373,124398.815926
374,124986.117404
375,125574.192221
376,126163.034586
377,126752.638697
378,127342.998748
379,127934.108924
380,128525.963401
381,129118.55635
382,129711.881934
383,130305.934309
384,130900.707623
385,131496.196018
386,132092.393628
387,132689.294581
388,133286.892996
389,133885.182989
390,134484.158665
391,135083.814124
392,135684.143461
393,136285.140761
394,136886.800105
395,137489.115566
396,138092.081213
397,138695.691104
398,139299.939296
399,139904.819836
400,140510.326765
401,141116.454121
402,141723.195931
403,142330.546221
404,142938.499007
405,143547.048301
406,144156.18811
407,144765.912432
408,145376.215262
409,145987.090589
410,146598.532396
411,147210.534659
412,147823.091351
413,148436.196438
414,149049.843881
415,149664.027635
416,150278.741651
417,150893.979873
418,151509.736243
419,152126.004693
420,152742.779155
421,153360.053553
422,153977.821807
423,154596.077832
424,155214.815537
425,155834.02883
426,156453.711609
427,157073.857772
428,157694.461209
429,158315.515809
430,158937.015453
431,159558.954021
432,160181.325384
433,160804.123415
434,161427.341977
435,162050.974932
436,162675.016138
437,163299.459447
438,163924.29871
439,164549.52777
440,165175.14047
441,165801.130648
442,166427.492137
443,167054.218767
444,167681.304367
445,168308.742758
446,168936.527761
447,169564.653191
448,170193.112862
449,170821.900584
450,171451.010163
451,172080.435402
452,172710.170102
453,173340.208059
454,173970.543068
455,174601.16892
456,175232.079403
457,175863.268303
458,176494.729403
459,177126.456482
460,177758.443319
461,178390.683688
462,179023.171362
463,179655.90011
464,180288.863701
465,180922.0559
466,181555.470469
467,182189.10117
468,182822.941761
469,183456.986
470,184091.22764
471,184725.660435
472,185360.278135
473,185995.074489
474,186630.043246
475,187265.178149
476,187900.472944
477,188535.921373
478,189171.517176
479,189807.254092
480,190443.125861
481,191079.126218
482,191715.2489
483,192351.487639
484,192987.83617
485,193624.288224
486,194260.837532
487,194897.477825
488,195534.20283
489,196171.006278
490,196807.881895
491,197444.823407
492,198081.824542
493,198718.879025
494,199355.98058
495,199993.122932
496,200630.299806
497,201267.504925
498,201904.732014
499,202541.974794
500,203179.22699
501,203816.482324
502,204453.734519
503,205090.9773
504,205728.204388
505,206365.409507
506,207002.586381
507,207639.728734
508,208276.830289
509,208913.884771
510,209550.885906
511,210187.827419
512,210824.703035
513,211461.506483
514,212098.231489
515,212734.871781
516,213371.42109
517,214007.873143
518,214644.221674
519,215280.460414
520,215916.583095
521,216552.583452
522,217188.455221
523,217824.192138
524,218459.78794
525,219095.236369
526,219730.531164
527,220365.666067
528,221000.634824
529,221635.431178
530,222270.048878
531,222904.481673
532,223538.723313
533,224172.767552
534,224806.608143
535,225440.238844
536,226073.653413
537,226706.845612
538,227339.809202
539,227972.537951
540,228605.025625
541,229237.265994
542,229869.25283
543,230500.97991
544,231132.441009
545,231763.629909
546,232394.540393
547,233025.166244
548,233655.501253
549,234285.53921
550,234915.27391
551,235544.699149
552,236173.808728
553,236802.59645
554,237431.056121
555,238059.181552
556,238686.966554
557,239314.404945
558,239941.490545
559,240568.217175
560,241194.578664
561,241820.568842
562,242446.181542
563,243071.410602
564,243696.249864
565,244320.693174
566,244944.734379
567,245568.367335
568,246191.585897
569,246814.383927
570,247436.755291
571,248058.693858
572,248680.193502
573,249301.248102
574,249921.851539
575,250541.997702
576,251161.680481
577,251780.893773
578,252399.631479
579,253017.887504
580,253635.655757
581,254252.930155
582,254869.704617
583,255485.973068
584,256101.729437
585,256716.96766
586,257331.681675
587,257945.865429
588,258559.512872
589,259172.617959
590,259785.174651
591,260397.176914
592,261008.61872
593,261619.494047
594,262229.796878
595,262839.5212
596,263448.661008
597,264057.210302
598,264665.163088
599,265272.513378
600,265879.255188
601,266485.382544
602,267090.889473
603,267695.770013
604,268300.018204
605,268903.628096
606,269506.593742
607,270108.909203
608,270710.568547
609,271311.565847
610,271911.895184
611,272511.550643
612,273110.526319
613,273708.816311
614,274306.414727
615,274903.315679
616,275499.513289
617,276095.001684
618,276689.774998
619,277283.827373
620,277877.152957
621,278469.745906
622,279061.600383
623,279652.710558
624,280243.070609
625,280832.67472
626,281421.517085
627,282009.591902
628,282596.893379
629,283183.415732
630,283769.153183
631,284354.099962
632,284938.250308
633,285521.598467
634,286104.138693
635,286685.865247
636,287266.7724
637,287846.85443
638,288426.105622
639,289004.520272
640,289582.092681
641,290158.817161
642,290734.68803
643,291309.699617
644,291883.846258
645,292457.122296
646,293029.522086
647,293601.039989
648,294171.670375
649,294741.407624
650,295310.246124
651,295878.180271
652,296445.204472
653,297011.313141
654,297576.500701
655,298140.761587
656,298704.090239
657,299266.481109
658,299827.928658
659,300388.427354
660,300947.971676
661,301506.556115
662,302064.175166
663,302620.823338
664,303176.495147
665,303731.18512
666,304284.887793
667,304837.597712
668,305389.309432
669,305940.017521
670,306489.716551
671,307038.40111
672,307586.065792
673,308132.705203
674,308678.313959
675,309222.886684
676,309766.418014
677,310308.902597
678,310850.335088
679,311390.710154
680,311930.022471
681,312468.266729
682,313005.437625
683,313541.529867
684,314076.538175
685,314610.457279
686,315143.28192
687,315675.006849
688,316205.626829
689,316735.136632
690,317263.531044
691,317790.804858
692,318316.952882
693,318841.969933
694,319365.850838
695,319888.590438
696,320410.183583
697,320930.625136
698,321449.90997
699,321968.032969
700,322484.989031
701,323000.773062
702,323515.379983
703,324028.804723
704,324541.042227
705,325052.087446
706,325561.935349
707,326070.580912
708,326578.019126
709,327084.24499
710,327589.25352
711,328093.039741
712,328595.598689
713,329096.925415
714,329597.014979
715,330095.862457
716,330593.462933
717,331089.811507
718,331584.903288
719,332078.733401
720,332571.29698
721,333062.589173
722,333552.605142
723,334041.340058
724,334528.789107
725,335014.947488
726,335499.810412
727,335983.373103
728,336465.630796
729,336946.578741
730,337426.212202
731,337904.526452
732,338381.51678
733,338857.178487
734,339331.506888
735,339804.497311
736,340276.145094
737,340746.445593
738,341215.394175
739,341682.98622
740,342149.217121
741,342614.082286
742,343077.577136
743,343539.697104
744,344000.437638
745,344459.794199
746,344917.762263
747,345374.337317
748,345829.514863
749,346283.290419
750,346735.659512
751,347186.617688
752,347636.160503
753,348084.283528
754,348530.98235
755,348976.252567
756,349420.089793
757,349862.489656
758,350303.447796
759,350742.95987
760,351181.021549
761,351617.628515
762,352052.776469
763,352486.461123
764,352918.678204
765,353349.423455
766,353778.692631
767,354206.481503
768,354632.785857
769,355057.601494
770,355480.924227
771,355902.749885
772,356323.074314
773,356741.893372
774,357159.202931
775,357574.998882
776,357989.277128
777,358402.033585
778,358813.264189
779,359222.964887
780,359631.131642
781,360037.760433
782,360442.847253
783,360846.388112
784,361248.379032
785,361648.816053
786,362047.69523
787,362445.012632
788,362840.764344
789,363234.946466
790,363627.555115
791,364018.586422
792,364408.036533
793,364795.901611
794,365182.177835
795,365566.861396
796,365949.948506
797,366331.435388
798,366711.318283
799,367089.593448
800,367466.257154
801,367841.30569
802,368214.735359
803,368586.542482
804,368956.723394
805,369325.274446
806,369692.192006
807,370057.472458
808,370421.112202
809,370783.107653
810,371143.455243
811,371502.151421
812,371859.192651
813,372214.575413
814,372568.296205
815,372920.351538
816,373270.737944
817,373619.451967
818,373966.490171
819,374311.849133
820,374655.525448
821,374997.515729
822,375337.816603
823,375676.424715
824,376013.336727
825,376348.549315
826,376682.059175
827,377013.863018
828,377343.957572
829,377672.339581
830,377999.005806
831,378323.953026
832,378647.178035
833,378968.677645
834,379288.448686
835,379606.488001
836,379922.792455
837,380237.358925
838,380550.184309
839,380861.265519
840,381170.599486
841,381478.183157
842,381784.013497
843,382088.087487
844,382390.402126
845,382690.954429
846,382989.74143
847,383286.760177
848,383582.007739
849,383875.481201
850,384167.177662
851,384457.094243
852,384745.22808
853,385031.576326
854,385316.136151
855,385598.904745
856,385879.879312
857,386159.057075
858,386436.435274
859,386712.011167
860,386985.782029
861,387257.745151
862,387527.897844
863,387796.237435
864,388062.761268
865,388327.466704
866,388590.351125
867,388851.411925
868,389110.64652
869,389368.052342
870,389623.626839
871,389877.367478
872,390129.271743
873,390379.337136
874,390627.561175
875,390873.941397
876,391118.475356
877,391361.160622
878,391601.994785
879,391840.97545
880,392078.100241
881,392313.366798
882,392546.772779
883,392778.315859
884,393007.993731
885,393235.804104
886,393461.744705
887,393685.813278
888,393908.007584
889,394128.325401
890,394346.764525
891,394563.322766
892,394777.997955
893,394990.787935
894,395201.690571
895,395410.70374
896,395617.825338
897,395823.053276
898,396026.385484
899,396227.819904
900,396427.354498
901,396624.987242
902,396820.716128
903,397014.539164
904,397206.454372
905,397396.459791
906,397584.553475
907,397770.733491
908,397954.997922
909,398137.344866
910,398317.772433
911,398496.278748
912,398672.86195
913,398847.520189
914,399020.251629
915,399191.054447
916,399359.926829
917,399526.866975
918,399691.873095
919,399854.943407
920,400016.07614
921,400175.269533
922,400332.52183
923,400487.831285
924,400641.196155
925,400792.614705
926,400942.085201
927,401089.605914
928,401235.175115
929,401378.791076
930,401520.452065
931,401660.15635
932,401797.902188
933,401933.687833
934,402067.511525
935,402199.371493
936,402329.265949
937,402457.193085
938,402583.151069
939,402707.138043
940,402829.152114
941,402949.191353
942,403067.253786
943,403183.337388
944,403297.440077
945,403409.559701
946,403519.694033
947,403627.840759
948,403733.997459
949,403838.161602
950,403940.330522
951,404040.5014
952,404138.671244
953,404234.83686
954,404328.994824
955,404421.141443
956,404511.272717
957,404599.384288
958,404685.471382
959,404769.528738
960,404851.550525
961,404931.53024
962,405009.460588
963,405085.333322
964,405159.139066
965,405230.867071
966,405300.504916
967,405368.038138
968,405433.449693
969,405496.71942
970,405557.822633
971,405616.730836
972,405673.402385
973,405727.807368
974,405779.826221
975,405829.56941
976,405876.313643
977,405921.672291
978,405960.404239
979,406004.722531
980,406027.200451
981,406081.620404
982,406087.764864
983,406156.580326
984,406157.580065
985,406233.778738
986,406233.913922
987,406316.680266
988,406316.695133
989,406406.363001
990,406406.364245
991,406502.34331
992,406502.343387
993,406603.940226
994,406603.94023
995,406710.62504
996,406710.62504
997,406822.002341
998,406822.002341
999,406937.764767
1000,406937.764767
