# Problem: paine (CDM, paper eigenvalues-head run, dense eig full spectrum)
#   -y'' + q(x) y = lambda y,  y(a) = y(b) = 0
#   [a, b] = [0, 3.14159265358979]
# Resolution N = 1000, dofs = 1000
# Computation time: 0.2151 s
n,lambda_n
1,4.89666937996
2,10.0451898933
3,16.0192672505
4,23.2662709401
5,32.2637070458
6,43.2200196406
7,56.1815940229
8,71.1529975371
9,88.1321191916
10,107.116676138
11,128.105021273
12,151.096043746
13,176.088996809
14,203.083371039
15,232.078811985
16,263.07506796
17,296.071956737
18,331.069343983
19,368.067129023
20,407.065235267
21,448.063603645
22,491.062188027
23,536.060951975
24,583.059866408
25,632.05890789
26,683.05805737
27,736.05729923
28,791.056620577
29,848.056010685
30,907.055460578
31,968.054962697
32,1031.05451064
33,1096.05409895
34,1163.05372297
35,1232.05337869
36,1303.05306264
37,1376.05277182
38,1451.05250361
39,1528.05225574
40,1607.05202619
41,1688.05181321
42,1771.05161524
43,1856.0514309
44,1943.05125897
45,2032.05109836
46,2123.0509481
47,2216.05080731
48,2311.05067523
49,2408.05055114
50,2507.05043441
51,2608.05032447
52,2711.05022081
53,2816.05012296
54,2923.05003049
55,3032.04994301
56,3143.04986018
57,3256.04978166
58,3371.04970716
59,3488.04963642
60,3607.04956918
61,3728.04950522
62,3851.04944433
63,3976.04938632
64,4103.049331
65,4232.04927821
66,4363.0492278
67,4496.04917963
68,4631.04913357
69,4768.0490895
70,4907.0490473
71,5048.04900687
72,5191.04896811
73,5336.04893093
74,5483.04889525
75,5632.04886099
76,5783.04882807
77,5936.04879642
78,6091.04876598
79,6248.0487367
80,6407.0487085
81,6568.04868134
82,6731.04865516
83,6896.04862993
84,7063.04860559
85,7232.04858211
86,7403.04855944
87,7576.04853754
88,7751.04851639
89,7928.04849595
90,8107.04847618
91,8288.04845707
92,8471.04843857
93,8656.04842066
94,8843.04840333
95,9032.04838654
96,9223.04837027
97,9416.0483545
98,9611.04833921
99,9808.04832438
100,10007.04831
101,10208.048296
102,10411.0482825
103,10616.0482693
104,10823.0482565
105,11032.0482441
106,11243.0482321
107,11456.0482203
108,11671.0482089
109,11888.0481978
110,12107.048187
111,12328.0481765
112,12551.0481663
113,12776.0481563
114,13003.0481467
115,13232.0481372
116,13463.048128
117,13696.048119
118,13931.0481103
119,14168.0481018
120,14407.0480935
121,14648.0480854
122,14891.0480775
123,15136.0480698
124,15383.0480623
125,15632.0480549
126,15883.0480477
127,16136.0480407
128,16391.0480339
129,16648.0480272
130,16907.0480207
131,17168.0480143
132,17431.0480081
133,17696.048002
134,17963.047996
135,18232.0479902
136,18503.0479845
137,18776.0479789
138,19051.0479735
139,19328.0479682
140,19607.0479629
141,19888.0479578
142,20171.0479528
143,20456.0479479
144,20743.0479431
145,21032.0479384
146,21323.0479338
147,21616.0479293
148,21911.0479249
149,22208.0479206
150,22507.0479163
151,22808.0479122
152,23111.0479081
153,23416.0479041
154,23723.0479002
155,24032.0478963
156,24343.0478926
157,24656.0478889
158,24971.0478852
159,25288.0478817
160,25607.0478782
161,25928.0478748
162,26251.0478714
163,26576.0478681
164,26903.0478649
165,27232.0478617
166,27563.0478585
167,27896.0478555
168,28231.0478525
169,28568.0478495
170,28907.0478466
171,29248.0478437
172,29591.0478409
173,29936.0478382
174,30283.0478354
175,30632.0478328
176,30983.0478302
177,31336.0478276
178,31691.047825
179,32048.0478225
180,32407.0478201
181,32768.0478177
182,33131.0478153
183,33496.047813
184,33863.0478107
185,34232.0478084
186,34603.0478062
187,34976.047804
188,35351.0478019
189,35728.0477998
190,36107.0477977
191,36488.0477956
192,36871.0477936
193,37256.0477916
194,37643.0477897
195,38032.0477877
196,38423.0477858
197,38816.047784
198,39211.0477821
199,39608.0477803
200,40007.0477785
201,40408.0477768
202,40811.047775
203,41216.0477733
204,41623.0477717
205,42032.04777
206,42443.0477684
207,42856.0477668
208,43271.0477652
209,43688.0477636
210,44107.0477621
211,44528.0477605
212,44951.047759
213,45376.0477576
214,45803.0477561
215,46232.0477547
216,46663.0477533
217,47096.0477519
218,47531.0477505
219,47968.0477491
220,48407.0477478
221,48848.0477465
222,49291.0477452
223,49736.0477439
224,50183.0477426
225,50632.0477414
226,51083.0477401
227,51536.0477389
228,51991.0477377
229,52448.0477365
230,52907.0477353
231,53368.0477342
232,53831.047733
233,54296.0477319
234,54763.0477308
235,55232.0477297
236,55703.0477286
237,56176.0477275
238,56651.0477265
239,57128.0477254
240,57607.0477244
241,58088.0477234
242,58571.0477224
243,59056.0477214
244,59543.0477204
245,60032.0477194
246,60523.0477185
247,61016.0477175
248,61511.0477166
249,62008.0477157
250,62507.0477148
251,63008.0477139
252,63511.047713
253,64016.0477121
254,64523.0477112
255,65032.0477103
256,65543.0477095
257,66056.0477087
258,66571.0477078
259,67088.047707
260,67607.0477062
261,68128.0477054
262,68651.0477046
263,69176.0477038
264,69703.047703
265,70232.0477023
266,70763.0477015
267,71296.0477008
268,71831.0477
269,72368.0476993
270,72907.0476986
271,73448.0476979
272,73991.0476972
273,74536.0476964
274,75083.0476958
275,75632.0476951
276,76183.0476944
277,76736.0476937
278,77291.0476931
279,77848.0476924
280,78407.0476918
281,78968.0476911
282,79531.0476905
283,80096.0476898
284,80663.0476892
285,81232.0476886
286,81803.047688
287,82376.0476874
288,82951.0476868
289,83528.0476862
290,84107.0476856
291,84688.047685
292,85271.0476845
293,85856.0476839
294,86443.0476833
295,87032.0476828
296,87623.0476822
297,88216.0476817
298,88811.0476812
299,89408.0476806
300,90007.0476801
301,90608.0476796
302,91211.0476791
303,91816.0476786
304,92423.047678
305,93032.0476775
306,93643.047677
307,94256.0476766
308,94871.0476761
309,95488.0476756
310,96107.0476751
311,96728.0476746
312,97351.0476742
313,97976.0476737
314,98603.0476732
315,99232.0476728
316,99863.0476723
317,100496.047672
318,101131.047671
319,101768.047671
320,102407.047671
321,103048.04767
322,103691.04767
323,104336.047669
324,104983.047669
325,105632.047668
326,106283.047668
327,106936.047668
328,107591.047667
329,108248.047667
330,108907.047666
331,109568.047666
332,110231.047666
333,110896.047665
334,111563.047665
335,112232.047665
336,112903.047664
337,113576.047664
338,114251.047663
339,114928.047663
340,115607.047663
341,116288.047662
342,116971.047662
343,117656.047662
344,118343.047661
345,119032.047661
346,119723.047661
347,120416.04766
348,121111.04766
349,121808.04766
350,122507.047659
351,123208.047659
352,123911.047659
353,124616.047658
354,125323.047658
355,126032.047658
356,126743.047657
357,127456.047657
358,128171.047657
359,128888.047656
360,129607.047656
361,130328.047656
362,131051.047655
363,131776.047655
364,132503.047655
365,133232.047655
366,133963.047654
367,134696.047654
368,135431.047654
369,136168.047653
370,136907.047653
371,137648.047653
372,138391.047653
373,139136.047652
374,139883.047652
375,140632.047652
376,141383.047651
377,142136.047651
378,142891.047651
379,143648.047651
380,144407.04765
381,145168.04765
382,145931.04765
383,146696.04765
384,147463.047649
385,148232.047649
386,149003.047649
387,149776.047649
388,150551.047648
389,151328.047648
390,152107.047648
391,152888.047648
392,153671.047647
393,154456.047647
394,155243.047647
395,156032.047647
396,156823.047647
397,157616.047646
398,158411.047646
399,159208.047646
400,160007.047646
401,160808.047645
402,161611.047645
403,162416.047645
404,163223.047645
405,164032.047645
406,164843.047644
407,165656.047644
408,166471.047644
409,167288.047644
410,168107.047644
411,168928.047643
412,169751.047643
413,170576.047643
414,171403.047643
415,172232.047643
416,173063.047642
417,173896.047642
418,174731.047642
419,175568.047642
420,176407.047642
421,177248.047641
422,178091.047641
423,178936.047641
424,179783.047641
425,180632.047641
426,181483.04764
427,182336.04764
428,183191.04764
429,184048.04764
430,184907.04764
431,185768.04764
432,186631.047639
433,187496.047639
434,188363.047639
435,189232.047639
436,190103.047639
437,190976.047638
438,191851.047638
439,192728.047638
440,193607.047638
441,194488.047638
442,195371.047638
443,196256.047637
444,197143.047637
445,198032.047637
446,198923.047637
447,199816.047637
448,200711.047637
449,201608.047637
450,202507.047636
451,203408.047636
452,204311.047636
453,205216.047636
454,206123.047636
455,207032.047636
456,207943.047635
457,208856.047635
458,209771.047635
459,210688.047635
460,211607.047635
461,212528.047635
462,213451.047635
463,214376.047634
464,215303.047634
465,216232.047634
466,217163.047634
467,218096.047634
468,219031.047634
469,219968.047634
470,220907.047633
471,221848.047633
472,222791.047633
473,223736.047633
474,224683.047633
475,225632.047633
476,226583.047633
477,227536.047633
478,228491.047632
479,229448.047632
480,230407.047632
481,231368.047632
482,232331.047632
483,233296.047632
484,234263.047632
485,235232.047631
486,236203.047631
487,237176.047631
488,238151.047631
489,239128.047631
490,240107.047631
491,241088.047631
492,242071.047631
493,243056.047631
494,244043.04763
495,245032.04763
496,246023.04763
497,247016.04763
498,248011.04763
499,249008.04763
500,250007.04763
501,251008.04763
502,252011.047629
503,253016.047629
504,254023.047629
505,255032.047629
506,256043.047629
507,257056.047629
508,258071.047629
509,259088.047629
510,260107.047629
511,261128.047628
512,262151.047628
513,263176.047628
514,264203.047628
515,265232.047628
516,266263.047628
517,267296.047628
518,268331.047628
519,269368.047628
520,270407.047628
521,271448.047627
522,272491.047627
523,273536.047627
524,274583.047627
525,275632.047627
526,276683.047627
527,277736.047627
528,278791.047627
529,279848.047627
530,280907.047627
531,281968.047626
532,283031.047626
533,284096.047626
534,285163.047626
535,286232.047626
536,287303.047626
537,288376.047626
538,289451.047626
539,290528.047626
540,291607.047626
541,292688.047626
542,293771.047625
543,294856.047625
544,295943.047625
545,297032.047625
546,298123.047625
547,299216.047625
548,300311.047625
549,301408.047625
550,302507.047625
551,303608.047625
552,304711.047625
553,305816.047625
554,306923.047624
555,308032.047624
556,309143.047624
557,310256.047624
558,311371.047624
559,312488.047624
560,313607.047624
561,314728.047624
562,315851.047624
563,316976.047624
564,318103.047624
565,319232.047624
566,320363.047623
567,321496.047623
568,322631.047623
569,323768.047623
570,324907.047623
571,326048.047623
572,327191.047623
573,328336.047623
574,329483.047623
575,330632.047623
576,331783.047623
577,332936.047623
578,334091.047623
579,335248.047622
580,336407.047622
581,337568.047622
582,338731.047622
583,339896.047622
584,341063.047622
585,342232.047622
586,343403.047622
587,344576.047622
588,345751.047622
589,346928.047622
590,348107.047622
591,349288.047622
592,350471.047622
593,351656.047622
594,352843.047621
595,354032.047621
596,355223.047621
597,356416.047621
598,357611.047621
599,358808.047621
600,360007.047621
601,361208.047621
602,362411.047621
603,363616.047621
604,364823.047621
605,366032.047621
606,367243.047619
607,368456.047622
608,369671.047621
609,370888.047625
610,372107.047598
611,373328.047663
612,374551.047534
613,375776.047857
614,377003.046954
615,378232.049042
616,379463.04428
617,380696.05499
618,381931.029736
619,383168.083655
620,384406.965315
621,385648.206812
622,386890.689415
623,388136.690439
624,389381.645879
625,390634.385154
626,391878.01623
627,393143.666086
628,394374.774288
629,395670.050719
630,396859.820611
631,398223.979463
632,399312.096189
633,400820.814764
634,401718.219662
635,403477.831773
636,404124.269879
637,406209.490822
638,406630.589969
639,409024.884191
640,409293.650963
641,411927.93265
642,412105.319623
643,414919.490622
644,415043.099627
645,417998.824481
646,418089.47377
647,421164.955873
648,421234.743094
649,424416.828133
650,424472.542861
651,427753.85234
652,427799.960371
653,431175.549648
654,431214.617773
655,434681.969426
656,434715.998293
657,438273.185351
658,438303.274775
659,441949.771311
660,441976.979735
661,445712.220702
662,445737.053317
663,449561.51433
664,449584.608283
665,453498.463734
666,453520.051459
667,457524.377517
668,457544.881552
669,461640.32029
670,461659.836411
671,465847.8797
672,465866.709259
673,470148.333882
674,470166.500239
675,474543.520639
676,474561.251111
677,479034.908621
678,479052.187069
679,483624.569726
680,483641.575445
681,488314.150852
682,488330.846042
683,493105.9505
684,493122.48182
685,498001.788745
686,498018.106743
687,503004.189241
688,503020.41755
689,508115.145209
690,508131.228449
691,513337.408559
692,513353.453597
693,518673.149357
694,518689.098179
695,524125.354509
696,524141.301451
697,529696.377581
698,529712.263878
699,535389.450317
700,535405.360728
701,541207.118928
702,541222.994987
703,547152.872631
704,547168.791641
705,553229.461671
706,553245.366021
707,559440.64801
708,559456.609112
709,565789.399444
710,565805.360802
711,572279.768556
712,572295.79687
713,578914.956324
714,578930.996294
715,585699.326469
716,585715.440998
717,592636.330959
718,592652.46592
719,599730.667927
720,599746.883148
721,606986.060439
722,607002.302878
723,614407.567246
724,614423.894241
725,621999.205085
726,622015.564556
727,629766.422706
728,629782.869981
729,637713.555779
730,637730.0396
731,645846.475894
732,645863.049983
733,654169.865877
734,654186.479645
735,662690.056817
736,662706.762724
737,671412.110201
738,671428.858171
739,680342.857505
740,680359.699039
741,689487.774045
742,689504.659424
743,698854.237296
744,698871.217326
745,708448.175674
746,708465.200835
747,718277.563542
748,718294.684192
749,728348.826311
750,728365.992968
751,738670.59207
752,738687.854867
753,749249.832323
754,749267.141658
755,760095.892422
756,760113.298415
757,771216.344966
758,771233.797735
759,782621.323692
760,782638.873547
761,794319.063991
762,794336.660608
763,806320.56771
764,806338.261782
765,818634.802345
766,818652.542943
767,831273.727358
768,831291.565756
769,844247.120371
770,844265.00486
771,857567.999119
772,857585.981748
773,871247.039306
774,871265.067413
775,885298.430357
776,885316.556968
777,899733.845425
778,899752.016736
779,914568.773655
780,914587.043874
781,929815.998126
782,929834.312111
783,945492.452528
784,945510.865888
785,961612.157453
786,961630.613498
787,978193.655311
788,978212.211281
789,995252.34926
790,995270.946691
791,1012808.57696
792,1012827.27496
793,1030879.28941
794,1030898.02751
795,1049486.83193
796,1049505.67138
797,1068649.89218
798,1068668.77022
799,1088393.06563
800,1088412.04594
801,1108736.99277
802,1108756.01001
803,1129708.79675
804,1129727.91736
805,1151331.31913
806,1151350.47487
807,1173634.52921
808,1173653.78961
809,1196643.75537
810,1196663.04893
811,1220392.17952
812,1220411.57927
813,1244907.94679
814,1244927.37758
815,1270227.87463
816,1270247.41338
817,1296383.30694
818,1296402.87443
819,1323415.18625
820,1323434.86379
821,1351358.49896
822,1351378.20275
823,1380258.88114
824,1380278.69742
825,1410155.47879
826,1410175.31861
827,1441099.28367
828,1441119.23884
829,1473134.20605
830,1473154.18182
831,1506317.36749
832,1506337.46194
833,1540698.15195
834,1540718.2638
835,1576340.71896
836,1576360.95335
837,1613300.76171
838,1613321.01002
839,1651650.54718
840,1651670.92253
841,1691453.0656
842,1691473.45108
843,1732789.95584
844,1732810.4736
845,1775732.67783
846,1775753.20154
847,1820373.74337
848,1820394.40547
849,1866794.48012
850,1866815.14359
851,1915100.06263
852,1915120.87161
853,1965383.36045
854,1965404.16576
855,2017764.35477
856,2017785.3139
857,2072349.47137
858,2072370.42122
859,2129276.07847
860,2129297.19186
861,2188666.59385
862,2188687.69176
863,2250678.89443
864,2250700.16728
865,2315454.3508
866,2315475.60122
867,2383175.14541
868,2383196.58416
869,2454005.22077
870,2454026.6293
871,2528155.70916
872,2528177.32182
873,2605817.57489
874,2605839.14855
875,2687236.61545
876,2687258.4119
877,2772636.32246
878,2772658.06998
879,2862304.23718
880,2862326.22963
881,2956503.23551
882,2956525.16772
883,3055571.42924
884,3055593.63277
885,3159819.67909
886,3159841.80944
887,3269647.7543
888,3269670.18754
889,3385425.36944
890,3385447.71461
891,3507627.98525
892,3507650.67125
893,3636698.01697
894,3636720.59769
895,3773204.52944
896,3773227.49681
897,3917680.43172
898,3917703.27379
899,4070811.46019
900,4070834.74454
901,4233244.09475
902,4233267.23041
903,4405810.73471
904,4405834.38054
905,4589301.66089
906,4589325.13057
907,4784735.33406
908,4784759.39725
909,4993085.86544
910,4993109.72005
911,5215610.11502
912,5215634.66609
913,5453519.65271
914,5453543.95672
915,5708380.11279
916,5708405.24118
917,5981713.28894
918,5981738.1244
919,6275489.47707
920,6275515.29692
921,6591640.80341
922,6591666.27548
923,6932674.77564
924,6932701.43353
925,7301073.68818
926,7301099.93245
927,7700068.42285
928,7700096.1082
929,8132890.063
930,8132917.25553
931,8603758.94292
932,8603787.90224
933,9116942.31914
934,9116970.69025
935,9678037.7384
936,9678068.2949
937,10292773.0875
938,10292802.9408
939,10968700.5923
940,10968733.1731
941,11713650.2742
942,11713682.0137
943,12538010.2021
944,12538045.3769
945,13452707.5382
946,13452741.7058
947,14472348.2819
948,14472386.8184
949,15612546.1496
950,15612583.4812
951,16894361.9403
952,16894404.8873
953,18340721.9068
954,18340763.4145
955,19982895.1136
956,19982943.9273
957,21855631.5437
958,21855678.6442
959,24006977.2965
960,24007034.0429
961,26491618.1859
962,26491672.9056
963,29386457.3349
964,29386525.0275
965,32781517.0558
966,32781582.3787
967,36806131.5167
968,36806214.7121
969,41616877.8461
970,41616958.3356
971,47444982.6081
972,47445088.5235
973,54582187.685
974,54582290.6739
975,63475219.5163
976,63475360.2925
977,74718026.5984
978,74718164.6641
979,89266032.3318
980,89266230.0869
981,108480496.968
982,108480693.664
983,134710186.336
984,134710486.016
985,171641133.196
986,171641438.419
987,226347851.699
988,226348360.384
989,311688397.01
990,311688938.026
991,457187333.062
992,457188380.259
993,732171949.99
994,732173172.63
995,1366357994.26
996,1366361247.42
997,3341502573.09
998,3341507649.21
999,19273012139.4
1000,19273065372.4
