# Problem: paine (Numerov+AC, paper eigenvalues-head run, dense eig full spectrum)
#   -y'' + q(x) y = lambda y,  y(a) = y(b) = 0
#   [a, b] = [0, 3.14159265358979]
# Resolution N = 500, dofs = 500
# Computation time: 0.2688 s
n,lambda_n
1,4.89666937986
2,10.045189892
3,16.019267246
4,23.2662709307
5,32.2637070302
6,43.2200196173
7,56.1815939906
8,71.1529974944
9,88.1321191371
10,107.116676071
11,128.105021191
12,151.096043647
13,176.088996694
14,203.083370904
15,232.07881183
16,263.075067784
17,296.071956538
18,331.06934376
19,368.067128774
20,407.065234991
21,448.06360334
22,491.062187691
23,536.060951608
24,583.059866008
25,632.058907457
26,683.0580569
27,736.057298724
28,791.056620032
29,848.056010101
30,907.055459953
31,968.054962029
32,1031.05450993
33,1096.05409819
34,1163.05372217
35,1232.05337783
36,1303.05306173
37,1376.05277086
38,1451.0525026
39,1528.05225468
40,1607.05202507
41,1688.05181204
42,1771.05161401
43,1856.05142961
44,1943.05125761
45,2032.05109694
46,2123.05094662
47,2216.05080577
48,2311.05067361
49,2408.05054945
50,2507.05043266
51,2608.05032265
52,2711.05021892
53,2816.05012099
54,2923.05002844
55,3032.04994089
56,3143.04985797
57,3256.04977937
58,3371.04970479
59,3488.04963397
60,3607.04956665
61,3728.0495026
62,3851.04944162
63,3976.04938351
64,4103.0493281
65,4232.04927522
66,4363.04922472
67,4496.04917645
68,4631.04913029
69,4768.04908612
70,4907.04904382
71,5048.04900329
72,5191.04896443
73,5336.04892715
74,5483.04889136
75,5632.04885699
76,5783.04882396
77,5936.0487922
78,6091.04876165
79,6248.04873224
80,6407.04870393
81,6568.04867665
82,6731.04865036
83,6896.048625
84,7063.04860054
85,7232.04857693
86,7403.04855413
87,7576.04853211
88,7751.04851083
89,7928.04849025
90,8107.04847036
91,8288.0484511
92,8471.04843247
93,8656.04841443
94,8843.04839695
95,9032.04838002
96,9223.0483636
97,9416.04834769
98,9611.04833225
99,9808.04831727
100,10007.0483027
101,10208.0482886
102,10411.0482749
103,10616.0482616
104,10823.0482487
105,11032.0482361
106,11243.0482239
107,11456.048212
108,11671.0482004
109,11888.0481891
110,12107.0481782
111,12328.0481675
112,12551.0481571
113,12776.048147
114,13003.0481371
115,13232.0481275
116,13463.0481181
117,13696.0481089
118,13931.0481
119,14168.0480913
120,14407.0480828
121,14648.0480745
122,14891.0480664
123,15136.0480585
124,15383.0480508
125,15632.0480433
126,15883.0480359
127,16136.0480287
128,16391.0480216
129,16648.0480148
130,16907.048008
131,17168.0480014
132,17431.047995
133,17696.0479887
134,17963.0479825
135,18232.0479764
136,18503.0479705
137,18776.0479647
138,19051.047959
139,19328.0479535
140,19607.047948
141,19888.0479427
142,20171.0479374
143,20456.0479323
144,20743.0479273
145,21032.0479223
146,21323.0479175
147,21616.0479127
148,21911.047908
149,22208.0479035
150,22507.047899
151,22808.0478945
152,23111.0478902
153,23416.0478859
154,23723.0478818
155,24032.0478776
156,24343.0478736
157,24656.0478696
158,24971.0478657
159,25288.0478619
160,25607.0478581
161,25928.0478544
162,26251.0478507
163,26576.0478471
164,26903.0478436
165,27232.0478401
166,27563.0478367
167,27896.0478333
168,28231.04783
169,28568.0478267
170,28907.0478235
171,29248.0478203
172,29591.0478172
173,29936.0478141
174,30283.0478111
175,30632.0478081
176,30983.0478051
177,31336.0478022
178,31691.0477993
179,32048.0477965
180,32407.0477937
181,32768.0477909
182,33131.0477882
183,33496.0477855
184,33863.0477829
185,34232.0477802
186,34603.0477777
187,34976.0477751
188,35351.0477726
189,35728.0477701
190,36107.0477676
191,36488.0477652
192,36871.0477628
193,37256.0477604
194,37643.047758
195,38032.0477557
196,38423.0477534
197,38816.0477511
198,39211.0477489
199,39608.0477466
200,40007.0477444
201,40408.0477422
202,40811.0477401
203,41216.0477379
204,41623.0477358
205,42032.0477337
206,42443.0477316
207,42856.0477296
208,43271.0477275
209,43688.0477255
210,44107.0477235
211,44528.0477215
212,44951.0477195
213,45376.0477176
214,45803.0477156
215,46232.0477137
216,46663.0477118
217,47096.0477099
218,47531.047708
219,47968.0477061
220,48407.0477043
221,48848.0477024
222,49291.0477006
223,49736.0476987
224,50183.0476969
225,50632.0476951
226,51083.0476933
227,51536.0476916
228,51991.0476898
229,52448.047688
230,52907.0476863
231,53368.0476845
232,53831.0476828
233,54296.0476811
234,54763.0476794
235,55232.0476776
236,55703.0476759
237,56176.0476742
238,56651.0476726
239,57128.0476709
240,57607.0476692
241,58088.0476675
242,58571.0476658
243,59056.0476642
244,59543.0476625
245,60032.0476609
246,60523.0476592
247,61016.0476576
248,61511.0476559
249,62008.0476543
250,62507.0476526
251,63008.047651
252,63511.0476494
253,64016.0476477
254,64523.0476461
255,65032.0476445
256,65543.0476429
257,66056.0476412
258,66571.0476396
259,67088.047638
260,67607.0476363
261,68128.0476347
262,68651.0476331
263,69176.0476314
264,69703.0476298
265,70232.0476282
266,70763.0476265
267,71296.0476249
268,71831.0476232
269,72368.0476216
270,72907.04762
271,73448.0476183
272,73991.0476166
273,74536.047615
274,75083.0476133
275,75632.0476116
276,76183.04761
277,76736.0476083
278,77291.0476066
279,77848.0476049
280,78407.0476032
281,78968.0476015
282,79531.0475997
283,80096.047598
284,80663.0475963
285,81232.0475945
286,81803.0475928
287,82376.047591
288,82951.0475892
289,83528.0475875
290,84107.0475857
291,84688.0475839
292,85271.047582
293,85856.0475802
294,86443.0475784
295,87032.0475765
296,87623.0475747
297,88216.0475728
298,88811.0475709
299,89408.047569
300,90007.047567
301,90608.0475651
302,91211.0475632
303,91816.0475612
304,92423.0475592
305,93032.0475572
306,93643.0475552
307,94256.0475531
308,94871.0475511
309,95488.047549
310,96107.0475469
311,96728.0475448
312,97351.0475426
313,97976.0475404
314,98603.0475383
315,99232.047536
316,99863.0475338
317,100496.047532
318,101131.047529
319,101768.047527
320,102407.047525
321,103048.047522
322,103691.04752
323,104336.047517
324,104983.047515
325,105632.047512
326,106283.04751
327,106936.047507
328,107591.047505
329,108248.047502
330,108907.0475
331,109568.047497
332,110231.047494
333,110896.047491
334,111563.047489
335,112232.047486
336,112903.047483
337,113576.04748
338,114251.047477
339,114928.047474
340,115607.047471
341,116288.047468
342,116971.047465
343,117656.047461
344,118343.047458
345,119032.047455
346,119723.047452
347,120416.047448
348,121111.047445
349,121808.047441
350,122507.047438
351,123208.047434
352,123911.04743
353,124616.047426
354,125323.047422
355,126032.047419
356,126743.047415
357,127456.04741
358,128171.047406
359,128888.047402
360,129607.047398
361,130328.047393
362,131051.047389
363,131776.047384
364,132503.04738
365,133232.047375
366,133963.04737
367,134696.047365
368,135431.04736
369,136168.047355
370,136907.04735
371,137648.047344
372,138391.047339
373,139136.047333
374,139883.047327
375,140632.047322
376,141383.047316
377,142136.047309
378,142891.047303
379,143648.047297
380,144407.04729
381,145168.047283
382,145931.047276
383,146696.047269
384,147463.047262
385,148232.047255
386,149003.047247
387,149776.047239
388,150551.047231
389,151328.047223
390,152107.047215
391,152888.047206
392,153671.047197
393,154456.047188
394,155243.047179
395,156032.047169
396,156823.047159
397,157616.047149
398,158411.047139
399,159208.047128
400,160007.047117
401,160808.047105
402,161611.047094
403,162416.047081
404,163223.047069
405,164032.047056
406,164843.047043
407,165656.047029
408,166471.047015
409,167288.047001
410,168107.046986
411,168928.04697
412,169751.046954
413,170576.046938
414,171403.04692
415,172232.046903
416,173063.046884
417,173896.046865
418,174731.046846
419,175568.046825
420,176407.046804
421,177248.046782
422,178091.046759
423,178936.046736
424,179783.046711
425,180632.046685
426,181483.046659
427,182336.046631
428,183191.046603
429,184048.046573
430,184907.046541
431,185768.046509
432,186631.046475
433,187496.046439
434,188363.046402
435,189232.046363
436,190103.046323
437,190976.04628
438,191851.046236
439,192728.046189
440,193607.04614
441,194488.046089
442,195371.046035
443,196256.045978
444,197143.045918
445,198032.045855
446,198923.045788
447,199816.045718
448,200711.045644
449,201608.045565
450,202507.045482
451,203408.045394
452,204311.0453
453,205216.0452
454,206123.045094
455,207032.044981
456,207943.044861
457,208856.044732
458,209771.044594
459,210688.044446
460,211607.044288
461,212528.044117
462,213451.043933
463,214376.043734
464,215303.043519
465,216232.043287
466,217163.043033
467,218096.042758
468,219031.042457
469,219968.042127
470,220907.041766
471,221848.041368
472,222791.040928
473,223736.04044
474,224683.039898
475,225632.039293
476,226583.038614
477,227536.037849
478,228491.036983
479,229448.035998
480,230407.034871
481,231368.033573
482,232331.032067
483,233296.030307
484,234263.028234
485,235232.025768
486,236203.022803
487,237176.019197
488,238151.014753
489,239128.009191
490,240107.002105
491,241087.992892
492,242070.980619
493,243055.963789
494,244042.939881
495,245031.904397
496,246022.848697
497,247015.754453
498,248010.576683
499,249007.18125
500,250007.35817
