# Problem: paine (Numerov, paper eigenvalues-head run, dense eig full spectrum)
#   -y'' + q(x) y = lambda y,  y(a) = y(b) = 0
#   [a, b] = [0, 3.14159265358979]
# Resolution N = 1000, dofs = 1000
# Computation time: 2.3865 s
n,lambda_n
1,4.89666937996
2,10.0451898932
3,16.0192672499
4,23.2662709378
5,32.2637070385
6,43.2200196202
7,56.1815939733
8,71.1529974284
9,88.1321189733
10,107.11667573
11,128.105020552
12,151.096042532
13,176.088994851
14,203.083367986
15,232.07880737
16,263.075061166
17,296.071946966
18,331.069330218
19,368.067109986
20,407.065209374
21,448.063568949
22,491.062142163
23,536.060892096
24,583.059789112
25,632.058809145
26,683.057932427
27,736.057142538
28,791.056425678
29,848.055770111
30,907.055165736
31,968.054603746
32,1031.05407636
33,1096.0535766
34,1163.05309815
35,1232.05263516
36,1303.05218217
37,1376.051734
38,1451.05128569
39,1528.05083237
40,1607.05036927
41,1688.04989164
42,1771.04939468
43,1856.04887355
44,1943.04832329
45,2032.04773881
46,2123.04711484
47,2216.04644594
48,2311.04572644
49,2408.04495042
50,2507.0441117
51,2608.04320381
52,2711.04221996
53,2816.04115304
54,2923.03999558
55,3032.03873973
56,3143.03737727
57,3256.03589955
58,3371.03429749
59,3488.03256157
60,3607.03068178
61,3728.02864765
62,3851.02644816
63,3976.0240718
64,4103.0215065
65,4232.0187396
66,4363.01575788
67,4496.01254751
68,4631.00909401
69,4768.00538226
70,4907.00139648
71,5047.9971202
72,5190.99253622
73,5335.98762661
74,5482.9823727
75,5631.97675504
76,5782.97075336
77,5935.96434659
78,6090.9575128
79,6247.95022921
80,6406.94247212
81,6567.93421694
82,6730.92543814
83,6895.91610922
84,7062.90620268
85,7231.89569003
86,7402.88454172
87,7575.87272717
88,7750.86021467
89,7927.84697144
90,8106.83296351
91,8287.81815578
92,8470.80251195
93,8655.78599448
94,8842.7685646
95,9031.75018225
96,9222.73080608
97,9415.71039339
98,9610.68890013
99,9807.66628085
100,10006.6424887
101,10207.6174753
102,10410.591191
103,10615.5635843
104,10822.5346024
105,11031.504191
106,11242.472294
107,11455.4388537
108,11670.4038108
109,11887.3671043
110,12106.3286713
111,12327.2884475
112,12550.2463664
113,12775.20236
114,13002.1563581
115,13231.1082888
116,13462.0580784
117,13695.0056509
118,13929.9509286
119,14166.8938316
120,14405.8342778
121,14646.7721834
122,14889.707462
123,15134.6400252
124,15381.5697826
125,15630.496641
126,15881.4205055
127,16134.3412785
128,16389.25886
129,16646.1731479
130,16905.0840373
131,17165.991421
132,17428.8951892
133,17693.7952295
134,17960.6914271
135,18229.5836643
136,18500.4718207
137,18773.3557734
138,19048.2353964
139,19325.1105612
140,19603.9811363
141,19884.8469871
142,20167.7079764
143,20452.5639637
144,20739.4148057
145,21028.2603559
146,21319.1004647
147,21611.9349793
148,21906.7637436
149,22203.5865985
150,22502.4033814
151,22803.2139263
152,23106.0180639
153,23410.8156214
154,23717.6064225
155,24026.3902875
156,24337.1670329
157,24649.9364717
158,24964.6984131
159,25281.4526626
160,25600.199022
161,25920.9372891
162,26243.667258
163,26568.3887187
164,26895.1014572
165,27223.8052556
166,27554.4998919
167,27887.1851397
168,28221.8607686
169,28558.5265441
170,28897.1822271
171,29237.8275743
172,29580.4623379
173,29925.0862657
174,30271.699101
175,30620.3005824
176,30970.8904441
177,31323.4684152
178,31678.0342206
179,32034.5875799
180,32393.1282082
181,32753.6558155
182,33116.1701067
183,33480.6707821
184,33847.1575364
185,34215.6300596
186,34586.0880361
187,34958.5311454
188,35332.9590613
189,35709.3714525
190,36087.7679821
191,36468.1483078
192,36850.5120817
193,37234.8589501
194,37621.1885539
195,38009.500528
196,38399.7945015
197,38792.0700978
198,39186.3269341
199,39582.5646218
200,39980.7827661
201,40380.9809661
202,40783.1588147
203,41187.3158985
204,41593.4517978
205,42001.5660865
206,42411.6583319
207,42823.7280949
208,43237.7749297
209,43653.798384
210,44071.7979985
211,44491.7733073
212,44913.7238375
213,45337.6491092
214,45763.5486357
215,46191.4219231
216,46621.2684701
217,47053.0877685
218,47486.8793026
219,47922.6425495
220,48360.3769786
221,48800.0820521
222,49241.7572242
223,49685.4019418
224,50131.0156438
225,50578.5977614
226,51028.147718
227,51479.6649288
228,51933.1488012
229,52388.5987342
230,52846.0141189
231,53305.394338
232,53766.7387657
233,54230.0467681
234,54695.3177024
235,55162.5509176
236,55631.7457538
237,56102.9015424
238,56576.0176061
239,57051.0932584
240,57528.1278042
241,58007.1205391
242,58488.0707495
243,58970.9777129
244,59455.8406971
245,59942.6589607
246,60431.4317528
247,60922.1583131
248,61414.8378714
249,61909.4696478
250,62406.0528529
251,62904.586687
252,63405.0703407
253,63907.5029945
254,64411.8838185
255,64918.211973
256,65426.4866075
257,65936.7068615
258,66448.8718638
259,66962.9807325
260,67479.0325753
261,67997.026489
262,68516.9615594
263,69038.8368616
264,69562.6514596
265,70088.4044061
266,70616.0947429
267,71145.7215001
268,71677.2836968
269,72210.7803403
270,72746.2104266
271,73283.5729397
272,73822.866852
273,74364.0911241
274,74907.2447046
275,75452.3265298
276,75999.3355244
277,76548.2706002
278,77099.1306572
279,77651.9145826
280,78206.6212513
281,78763.2495255
282,79321.7982545
283,79882.2662751
284,80444.652411
285,81008.9554727
286,81575.1742579
287,82143.307551
288,82713.3541229
289,83285.3127311
290,83859.1821199
291,84434.9610196
292,85012.648147
293,85592.2422049
294,86173.7418824
295,86757.1458542
296,87342.4527813
297,87929.6613103
298,88518.7700732
299,89109.7776878
300,89702.6827575
301,90297.4838707
302,90894.1796012
303,91492.7685079
304,92093.2491349
305,92695.6200108
306,93299.8796496
307,93906.0265494
308,94514.0591933
309,95123.9760487
310,95735.7755675
311,96349.4561858
312,96965.0163239
313,97582.454386
314,98201.7687604
315,98822.9578192
316,99446.0199183
317,100070.953397
318,100697.756578
319,101326.427768
320,101956.965257
321,102589.367316
322,103223.632202
323,103859.758154
324,104497.743393
325,105137.586124
326,105779.284532
327,106422.836788
328,107068.241042
329,107715.49543
330,108364.598066
331,109015.547049
332,109668.340459
333,110322.976358
334,110979.452788
335,111637.767775
336,112297.919325
337,112959.905425
338,113623.724045
339,114289.373134
340,114956.850623
341,115626.154424
342,116297.282428
343,116970.232509
344,117645.002521
345,118321.590296
346,118999.993649
347,119680.210374
348,120362.238246
349,121046.075016
350,121731.71842
351,122419.166171
352,123108.415961
353,123799.465462
354,124492.312326
355,125186.954183
356,125883.388642
357,126581.613292
358,127281.625699
359,127983.42341
360,128687.003948
361,129392.364815
362,130099.503493
363,130808.41744
364,131519.104093
365,132231.560867
366,132945.785153
367,133661.774322
368,134379.525722
369,135099.036676
370,135820.304487
371,136543.326434
372,137268.099773
373,137994.621737
374,138722.889535
375,139452.900353
376,140184.651355
377,140918.139677
378,141653.362437
379,142390.316723
380,143128.999605
381,143869.408124
382,144611.539298
383,145355.390122
384,146100.957565
385,146848.238571
386,147597.23006
387,148347.928927
388,149100.332041
389,149854.436246
390,150610.238361
391,151367.73518
392,152126.92347
393,152887.799972
394,153650.361404
395,154414.604453
396,155180.525785
397,155948.122036
398,156717.389817
399,157488.325712
400,158260.926278
401,159035.188046
402,159811.10752
403,160588.681175
404,161367.905461
405,162148.776799
406,162931.291584
407,163715.446182
408,164501.236931
409,165288.660142
410,166077.712098
411,166868.389052
412,167660.687231
413,168454.602832
414,169250.132023
415,170047.270945
416,170846.015709
417,171646.362397
418,172448.307061
419,173251.845725
420,174056.974384
421,174863.689001
422,175671.985511
423,176481.859819
424,177293.307801
425,178106.3253
426,178920.908132
427,179737.05208
428,180554.752898
429,181374.006308
430,182194.808004
431,183017.153645
432,183841.038862
433,184666.459253
434,185493.410387
435,186321.887798
436,187151.886992
437,187983.403441
438,188816.432585
439,189650.969834
440,190487.010563
441,191324.550117
442,192163.583807
443,193004.106913
444,193846.114681
445,194689.602325
446,195534.565025
447,196380.997929
448,197228.896152
449,198078.254774
450,198929.068842
451,199781.333371
452,200635.043341
453,201490.193697
454,202346.779352
455,203204.795184
456,204064.236036
457,204925.096718
458,205787.372004
459,206651.056634
460,207516.145314
461,208382.632713
462,209250.513468
463,210119.782177
464,210990.433405
465,211862.461682
466,212735.8615
467,213610.627319
468,214486.753559
469,215364.234607
470,216243.064812
471,217123.238489
472,218004.749914
473,218887.593329
474,219771.762937
475,220657.252906
476,221544.057367
477,222432.170413
478,223321.586101
479,224212.298451
480,225104.301443
481,225997.589023
482,226892.155097
483,227787.993535
484,228685.098168
485,229583.46279
486,230483.081155
487,231383.946981
488,232286.053947
489,233189.395694
490,234093.965822
491,234999.757896
492,235906.765439
493,236814.981938
494,237724.400839
495,238635.015549
496,239546.819437
497,240459.805831
498,241373.968021
499,242289.299257
500,243205.792749
501,244123.441667
502,245042.239142
503,245962.178265
504,246883.252085
505,247805.453614
506,248728.775821
507,249653.211636
508,250578.753947
509,251505.395603
510,252433.129411
511,253361.948139
512,254291.844512
513,255222.811215
514,256154.840892
515,257087.926146
516,258022.059536
517,258957.233585
518,259893.440769
519,260830.673525
520,261768.924248
521,262708.185292
522,263648.448967
523,264589.707544
524,265531.953249
525,266475.178267
526,267419.374742
527,268364.534775
528,269310.650422
529,270257.713701
530,271205.716584
531,272154.651003
532,273104.508843
533,274055.281952
534,275006.962131
535,275959.541139
536,276913.010692
537,277867.362464
538,278822.588084
539,279778.67914
540,280735.627174
541,281693.423686
542,282652.060134
543,283611.527929
544,284571.818443
545,285532.922999
546,286494.832882
547,287457.539328
548,288421.033533
549,289385.306648
550,290350.349778
551,291316.153987
552,292282.710294
553,293250.009673
554,294218.043054
555,295186.801325
556,296156.275327
557,297126.455858
558,298097.333671
559,299068.899476
560,300041.143937
561,301014.057675
562,301987.631266
563,302961.85524
564,303936.720085
565,304912.216242
566,305888.33411
567,306865.064041
568,307842.396343
569,308820.32128
570,309798.829071
571,310777.909889
572,311757.553865
573,312737.751082
574,313718.491581
575,314699.765356
576,315681.562357
577,316663.872491
578,317646.685617
579,318629.99155
580,319613.780062
581,320598.040879
582,321582.76368
583,322567.938104
584,323553.553741
585,324539.600137
586,325526.066794
587,326512.943169
588,327500.218673
589,328487.882675
590,329475.924496
591,330464.333414
592,331453.098661
593,332442.209427
594,333431.654853
595,334421.424039
596,335411.506039
597,336401.889862
598,337392.564473
599,338383.518792
600,339374.741694
601,340366.222012
602,341357.948531
603,342349.909995
604,343342.0951
605,344334.492501
606,345327.090806
607,346319.878582
608,347312.844349
609,348305.976585
610,349299.263721
611,350292.694147
612,351286.256208
613,352279.938205
614,353273.728395
615,354267.614993
616,355261.586167
617,356255.630045
618,357249.73471
619,358243.888201
620,359238.078515
621,360232.293605
622,361226.52138
623,362220.749708
624,363214.966413
625,364209.159276
626,365203.316035
627,366197.424386
628,367191.471983
629,368185.446436
630,369179.335314
631,370173.126143
632,371166.806407
633,372160.363549
634,373153.784969
635,374147.058025
636,375140.170036
637,376133.108277
638,377125.859981
639,378118.412342
640,379110.752513
641,380102.867604
642,381094.744686
643,382086.370788
644,383077.732901
645,384068.817972
646,385059.612912
647,386050.104588
648,387040.279829
649,388030.125426
650,389019.628128
651,390008.774645
652,390997.551649
653,391985.945772
654,392973.943608
655,393961.531711
656,394948.696598
657,395935.424748
658,396921.7026
659,397907.516557
660,398892.852984
661,399877.698207
662,400862.038516
663,401845.860165
664,402829.14937
665,403811.892309
666,404794.075126
667,405775.683928
668,406756.704785
669,407737.123733
670,408716.926771
671,409696.099863
672,410674.628939
673,411652.499892
674,412629.698584
675,413606.210839
676,414582.022448
677,415557.11917
678,416531.486729
679,417505.110814
680,418477.977085
681,419450.071165
682,420421.378647
683,421391.885092
684,422361.576026
685,423330.436948
686,424298.453321
687,425265.61058
688,426231.894128
689,427197.289336
690,428161.781548
691,429125.356076
692,430087.998202
693,431049.693179
694,432010.426231
695,432970.182554
696,433928.947315
697,434886.705653
698,435843.442677
699,436799.143474
700,437753.793097
701,438707.376577
702,439659.878918
703,440611.285095
704,441561.580061
705,442510.748739
706,443458.776032
707,444405.646815
708,445351.345939
709,446295.858231
710,447239.168494
711,448181.261509
712,449122.122033
713,450061.7348
714,451000.084523
715,451937.155892
716,452872.933576
717,453807.402222
718,454740.546458
719,455672.35089
720,456602.800106
721,457531.878671
722,458459.571136
723,459385.862027
724,460310.735857
725,461234.177119
726,462156.170288
727,463076.699822
728,463995.750163
729,464913.305736
730,465829.350951
731,466743.870201
732,467656.847866
733,468568.268311
734,469478.115885
735,470386.374925
736,471293.029755
737,472198.064685
738,473101.464013
739,474003.212026
740,474903.292997
741,475801.691192
742,476698.390864
743,477593.376255
744,478486.631599
745,479378.14112
746,480267.889035
747,481155.859551
748,482042.036867
749,482926.405177
750,483808.948665
751,484689.651512
752,485568.497892
753,486445.471972
754,487320.557917
755,488193.739886
756,489065.002035
757,489934.328516
758,490801.703477
759,491667.111068
760,492530.535433
761,493391.960716
762,494251.371061
763,495108.750611
764,495964.08351
765,496817.353902
766,497668.545933
767,498517.643751
768,499364.631505
769,500209.493349
770,501052.213439
771,501892.775937
772,502731.165006
773,503567.364817
774,504401.359547
775,505233.133377
776,506062.670497
777,506889.955102
778,507714.971396
779,508537.703593
780,509358.135914
781,510176.252589
782,510992.037861
783,511805.47598
784,512616.551211
785,513425.247828
786,514231.550119
787,515035.442384
788,515836.908937
789,516635.934106
790,517432.502234
791,518226.597679
792,519018.204815
793,519807.308033
794,520593.89174
795,521377.940361
796,522159.43834
797,522938.37014
798,523714.720241
799,524488.473146
800,525259.613376
801,526028.125476
802,526793.994012
803,527557.20357
804,528317.738761
805,529075.584221
806,529830.724608
807,530583.144606
808,531332.828924
809,532079.762297
810,532823.929486
811,533565.315282
812,534303.904501
813,535039.681989
814,535772.63262
815,536502.7413
816,537229.992963
817,537954.372575
818,538675.865134
819,539394.455669
820,540110.129243
821,540822.870953
822,541532.665928
823,542239.499334
824,542943.356371
825,543644.222276
826,544342.08232
827,545036.921816
828,545728.72611
829,546417.480589
830,547103.170679
831,547785.781845
832,548465.299594
833,549141.709471
834,549814.997066
835,550485.148009
836,551152.147973
837,551815.982676
838,552476.637879
839,553134.099388
840,553788.353054
841,554439.384775
842,555087.180495
843,555731.726205
844,556373.007944
845,557011.0118
846,557645.72391
847,558277.130461
848,558905.21769
849,559529.971886
850,560151.379387
851,560769.426586
852,561384.099928
853,561995.385912
854,562603.27109
855,563207.74207
856,563808.785514
857,564406.388142
858,565000.536729
859,565591.218107
860,566178.419168
861,566762.12686
862,567342.328191
863,567919.01023
864,568492.160104
865,569061.765002
866,569627.812175
867,570190.288936
868,570749.182659
869,571304.480785
870,571856.170815
871,572404.240316
872,572948.676922
873,573489.468329
874,574026.602303
875,574560.066675
876,575089.849343
877,575615.938274
878,576138.321505
879,576656.98714
880,577171.923353
881,577683.11839
882,578190.560566
883,578694.238271
884,579194.139962
885,579690.254174
886,580182.569512
887,580671.074655
888,581155.758358
889,581636.60945
890,582113.616835
891,582586.769495
892,583056.056487
893,583521.466945
894,583982.990082
895,584440.615188
896,584894.331634
897,585344.128867
898,585789.996416
899,586231.923892
900,586669.900983
901,587103.917461
902,587533.963181
903,587960.028078
904,588382.102172
905,588800.175565
906,589214.238444
907,589624.281081
908,590030.293831
909,590432.267138
910,590830.191529
911,591224.057619
912,591613.85611
913,591999.57779
914,592381.213538
915,592758.754318
916,593132.191187
917,593501.515286
918,593866.717852
919,594227.790208
920,594584.723768
921,594937.510041
922,595286.140623
923,595630.607204
924,595970.901569
925,596307.015592
926,596638.941243
927,596966.670584
928,597290.195775
929,597609.509065
930,597924.602803
931,598235.469432
932,598542.10149
933,598844.491612
934,599142.63253
935,599436.517073
936,599726.138168
937,600011.488837
938,600292.562205
939,600569.351491
940,600841.850017
941,601110.051201
942,601373.948562
943,601633.53572
944,601888.806394
945,602139.754405
946,602386.373673
947,602628.658221
948,602866.602174
949,603100.199758
950,603329.445302
951,603554.333237
952,603774.858097
953,603991.01452
954,604202.797247
955,604410.201122
956,604613.221095
957,604811.852218
958,605006.08965
959,605195.928653
960,605381.364595
961,605562.392948
962,605739.009292
963,605911.209311
964,606078.988796
965,606242.343642
966,606401.269853
967,606555.763539
968,606705.820915
969,606851.438304
970,606992.612138
971,607129.338952
972,607261.615391
973,607389.438206
974,607512.804257
975,607631.710507
976,607746.154031
977,607856.132006
978,607961.641717
979,608062.680557
980,608159.246019
981,608251.335703
982,608338.94731
983,608422.078641
984,608500.727591
985,608574.892149
986,608644.570384
987,608709.760441
988,608770.460518
989,608826.668842
990,608878.383626
991,608925.602991
992,608968.324844
993,609006.546634
994,609040.264902
995,609069.474317
996,609094.165519
997,609114.319572
998,609129.890995
999,609140.745267
1000,609148.672087
